{
  "method": "logistic_regression_cv",
  "optimal_C": 0.1,
  "cv_scores_mean": 0.0893639916915779,
  "cv_scores_std": 0.08373082615664351,
  "threshold_value": 1e-06,
  "original_features": 42,
  "selected_features": 19,
  "selected_feature_names": [
    "경영자본순이익률",
    "매출액증가율",
    "총자본증가율",
    "순이익증가율",
    "종업원수증가율",
    "경영자본영업이익률",
    "매출원가율",
    "금융비용부담률",
    "인건비비율",
    "금융비용총비용비율",
    "누적감가상각률",
    "지급이자율",
    "매출채권비율",
    "순운전자본비율",
    "현금흐름총자본비율",
    "매출채권회전률",
    "주당순이익",
    "PBR최저",
    "총자산"
  ],
  "feature_coefficients": {
    "경영자본순이익률": -0.24304693860992543,
    "차입금의존도": 0.0,
    "이자보상배율": 0.0,
    "유동비율": 0.0,
    "매출액증가율": -0.09043115630777218,
    "매출액총이익률": 0.0,
    "총자본증가율": -0.29595971531951815,
    "유형자산증가율": 0.0,
    "유동자산증가율": 0.0,
    "자기자본증가율": 0.0,
    "영업이익증가율": 0.0,
    "순이익증가율": -0.0035721363880592597,
    "종업원수증가율": -0.28850957244885717,
    "경영자본영업이익률": -0.17306206496030913,
    "매출원가율": 0.16632408959829792,
    "금융손익비율": 0.0,
    "금융비용부담률": 0.09423574496491004,
    "외환이익비율": 0.0,
    "인건비비율": -0.2317938062781439,
    "세금과공과총비용비율": 0.0,
    "금융비용총비용비율": 0.12241464413986443,
    "누적감가상각률": 0.029978618096218723,
    "이자부담률": 0.0,
    "지급이자율": 0.08399915136282114,
    "매출채권비율": 0.013971993071890098,
    "매입채무재고자산비율": 0.0,
    "순운전자본비율": -0.498582053491934,
    "현금흐름부채비율": 0.0,
    "현금흐름차입금비율": 0.0,
    "현금흐름총자본비율": -0.22475959191591827,
    "현금흐름매출액비율": 0.0,
    "영업이익이자보상배율": 0.0,
    "매입채무회전률": 0.0,
    "재고자산회전률": 0.0,
    "매출채권회전률": 0.05797675779251122,
    "주당순이익": -0.04300630477616976,
    "PER최고": 0.0,
    "PBR최저": 0.08046588681699712,
    "PCR최저": 0.0,
    "총자산": -0.10725539407044062,
    "영업현금흐름": 0.0,
    "EBITDA매출액비율": 0.0
  },
  "penalty": "l1",
  "solver": "saga"
}