{
  "method": "logistic_regression_cv",
  "optimal_C": 0.1,
  "cv_scores_mean": 0.16735870402342107,
  "cv_scores_std": 0.05087192877517219,
  "threshold_value": 0.10203518051454648,
  "original_features": 44,
  "selected_features": 10,
  "selected_feature_names": [
    "경영자본순이익률",
    "자기자본순이익률",
    "총자본증가율",
    "종업원수증가율",
    "경영자본영업이익률",
    "매출원가율",
    "금융비용부담률",
    "인건비비율",
    "순운전자본비율",
    "현금흐름총자본비율"
  ],
  "feature_coefficients": {
    "경영자본순이익률": -0.18748245922510323,
    "차입금의존도": 0.0,
    "이자보상배율": 0.0,
    "유동비율": 0.0,
    "매출액증가율": -0.06620895054469378,
    "매출액총이익률": 0.0,
    "자기자본순이익률": -0.10203518051454648,
    "총자본증가율": -0.2727311020386668,
    "유형자산증가율": 0.0,
    "유동자산증가율": 0.0,
    "자기자본증가율": 0.0,
    "영업이익증가율": 0.0,
    "순이익증가율": 0.0,
    "총포괄이익증가율": -0.06931337590194046,
    "종업원수증가율": -0.28046337767342855,
    "경영자본영업이익률": -0.14908309435826855,
    "매출원가율": 0.1400098259925776,
    "금융손익비율": 0.0,
    "금융비용부담률": 0.12297856665656359,
    "외환이익비율": 0.0,
    "인건비비율": -0.18105793397156905,
    "세금과공과총비용비율": 0.0,
    "금융비용총비용비율": 0.07387018313648519,
    "누적감가상각률": 0.040507974722282104,
    "이자부담률": 0.0,
    "지급이자율": 0.0743026440859391,
    "매출채권비율": 0.019985233618570734,
    "매입채무재고자산비율": 0.0,
    "순운전자본비율": -0.4449796188941426,
    "현금흐름부채비율": 0.0,
    "현금흐름차입금비율": 0.0,
    "현금흐름총자본비율": -0.20196043152670698,
    "현금흐름매출액비율": 0.0,
    "영업이익이자보상배율": 0.0,
    "매입채무회전률": 0.0,
    "재고자산회전률": 0.0,
    "매출채권회전률": 0.058528129305592376,
    "주당순이익": 0.0,
    "PER최고": 0.0,
    "PBR최저": 0.034270220545784484,
    "PCR최저": 0.0,
    "총자산": -0.09766326362274566,
    "영업현금흐름": 0.0,
    "EBITDA매출액비율": 0.0
  },
  "penalty": "l1",
  "solver": "liblinear"
}