{
  "method": "logistic_regression_cv",
  "optimal_C": 10.0,
  "cv_scores_mean": 0.15809651495926005,
  "cv_scores_std": 0.1652187812502912,
  "threshold_value": 0.16242194756596137,
  "original_features": 33,
  "selected_features": 17,
  "selected_feature_names": [
    "매출액증가율",
    "총부채증가율",
    "부채자본비율",
    "자본비율",
    "장기차입금자본비율",
    "총자산수익률(ROA)",
    "자기자본수익률(ROE)",
    "총자산회전율",
    "현금흐름대부채비율",
    "로그총자산",
    "EV",
    "PBR",
    "PSR",
    "주식회전율",
    "ROA_변화량",
    "Δ자본비율",
    "Δ총자산회전율"
  ],
  "feature_coefficients": {
    "매출액증가율": -0.33676994104665525,
    "영업이익증가율": -0.012327783262653538,
    "당기순이익증가율": 0.017522529913786316,
    "총자산증가율": -0.011482930360772468,
    "총부채증가율": -0.7356100090098799,
    "영업현금흐름증가율": 0.12746009085344423,
    "부채자본비율": 0.16242194756596137,
    "자본비율": -1.6225291589213229,
    "이자부담차입금비율": 0.11623408503018354,
    "장기차입금자본비율": -0.27914478339080484,
    "총자산수익률(ROA)": 2.0530695173200675,
    "자기자본수익률(ROE)": 0.3314699769649431,
    "투하자본수익률(ROIC)": -0.08671812741123663,
    "총자산회전율": -0.5342164353355832,
    "영업이익대차입금비율": 0.06472745685078996,
    "현금흐름대부채비율": -0.28452060244028166,
    "DOL": -0.14295453668200708,
    "DFL": -0.14049733617513038,
    "ΔDFL": 0.0841510516191405,
    "로그총자산": -2.391561594747788,
    "EV": 0.2183070660484146,
    "PBR": -0.22105309178943977,
    "PER": -0.11182689043716434,
    "PSR": 0.4208946122992117,
    "PCR": -0.128906159889179,
    "주식회전율": 0.25124066664715333,
    "ROA_변화량": -0.7810546314808388,
    "ROE_변화량": -0.15588845840783505,
    "ROIC_변화량": 0.030457041463825912,
    "Δ부채자본비율": -0.031960201454133884,
    "Δ자본비율": -0.2856377997807236,
    "Δ총자산회전율": 0.3268408739677102,
    "Δ현금흐름대부채비율": 0.11637413443909174
  },
  "penalty": "l1",
  "solver": "saga"
}