{
  "method": "logistic_regression_cv",
  "optimal_C": 10.0,
  "cv_scores_mean": 0.1587651018572071,
  "cv_scores_std": 0.16973566580101226,
  "threshold_value": 0.16229428013925845,
  "original_features": 33,
  "selected_features": 17,
  "selected_feature_names": [
    "매출액증가율",
    "총부채증가율",
    "부채자본비율",
    "자본비율",
    "장기차입금자본비율",
    "총자산수익률(ROA)",
    "자기자본수익률(ROE)",
    "총자산회전율",
    "현금흐름대부채비율",
    "로그총자산",
    "EV",
    "PBR",
    "PSR",
    "주식회전율",
    "ROA_변화량",
    "Δ자본비율",
    "Δ총자산회전율"
  ],
  "feature_coefficients": {
    "매출액증가율": -0.33326022844975123,
    "영업이익증가율": -0.01309682025139042,
    "당기순이익증가율": 0.017295783215541635,
    "총자산증가율": -0.02111106349012225,
    "총부채증가율": -0.727896483278959,
    "영업현금흐름증가율": 0.1281347679628831,
    "부채자본비율": 0.16229428013925845,
    "자본비율": -1.627855813621969,
    "이자부담차입금비율": 0.11716670749258967,
    "장기차입금자본비율": -0.2797959885085957,
    "총자산수익률(ROA)": 2.064869360972277,
    "자기자본수익률(ROE)": 0.3307831106296329,
    "투하자본수익률(ROIC)": -0.0853093566148832,
    "총자산회전율": -0.5355671727586264,
    "영업이익대차입금비율": 0.06613887184368085,
    "현금흐름대부채비율": -0.28861546022246526,
    "DOL": -0.14426129443430424,
    "DFL": -0.14039973745507725,
    "ΔDFL": 0.08420545994074832,
    "로그총자산": -2.404245153294493,
    "EV": 0.22514509089519416,
    "PBR": -0.22370208997842253,
    "PER": -0.11232789276898565,
    "PSR": 0.42350607769689436,
    "PCR": -0.12901685096019588,
    "주식회전율": 0.2522298578371155,
    "ROA_변화량": -0.7853284899458728,
    "ROE_변화량": -0.15601786877772145,
    "ROIC_변화량": 0.030306543683422785,
    "Δ부채자본비율": -0.0317309090938196,
    "Δ자본비율": -0.28500924000039246,
    "Δ총자산회전율": 0.3255776072113706,
    "Δ현금흐름대부채비율": 0.11862296076867204
  },
  "penalty": "l1",
  "solver": "saga"
}