{
  "optimal_alpha": 0.001,
  "threshold_value": 0.004486234498605061,
  "original_features": 17,
  "selected_features": 5,
  "selected_feature_names": [
    "ROA",
    "RE_TA",
    "CLCA",
    "OENEG",
    "RET_9M"
  ],
  "feature_coefficients": {
    "ROA": -0.009244861415418491,
    "TLTA": -0.0010633352254544042,
    "WC_TA": -0.0,
    "CFO_TD": 0.0036888072652436783,
    "SIGMA": 0.0,
    "RE_TA": -0.012544047782110069,
    "EBIT_TA": 0.0,
    "MVE_TL": 0.0,
    "S_TA": -0.0008370454633625481,
    "CLCA": 0.005283661731966444,
    "OENEG": 0.009110256996977581,
    "CR": 0.0,
    "CFO_TA": -0.0,
    "TLMTA": 0.0,
    "RET_3M": -0.00020813483931145205,
    "RET_9M": 0.005586542186727276,
    "MB": -0.0032570219362917817
  }
}