{
  "method": "logistic_regression_cv",
  "optimal_C": 0.1,
  "cv_scores_mean": 0.16857278635329145,
  "cv_scores_std": 0.05526344015938498,
  "threshold_value": 0.09474959060375109,
  "original_features": 43,
  "selected_features": 10,
  "selected_feature_names": [
    "경영자본순이익률",
    "총자본증가율",
    "종업원수증가율",
    "경영자본영업이익률",
    "매출원가율",
    "금융비용부담률",
    "인건비비율",
    "순운전자본비율",
    "현금흐름총자본비율",
    "총자산"
  ],
  "feature_coefficients": {
    "경영자본순이익률": -0.24053652073078294,
    "차입금의존도": 0.0,
    "이자보상배율": 0.0,
    "유동비율": 0.0,
    "매출액증가율": -0.07628916799513331,
    "매출액총이익률": 0.0,
    "총자본증가율": -0.27064882205427915,
    "유형자산증가율": 0.0,
    "유동자산증가율": 0.0,
    "자기자본증가율": 0.0,
    "영업이익증가율": 0.0,
    "순이익증가율": 0.0,
    "총포괄이익증가율": -0.07618579863785305,
    "종업원수증가율": -0.28419868010743066,
    "경영자본영업이익률": -0.14598791081881746,
    "매출원가율": 0.1578037493972384,
    "금융손익비율": 0.0,
    "금융비용부담률": 0.11531163043709952,
    "외환이익비율": 0.0,
    "인건비비율": -0.19125763899769296,
    "세금과공과총비용비율": 0.0,
    "금융비용총비용비율": 0.07830886810199027,
    "누적감가상각률": 0.031048340320396522,
    "이자부담률": 0.0,
    "지급이자율": 0.084301844345456,
    "매출채권비율": 0.01412571474359673,
    "매입채무재고자산비율": 0.0,
    "순운전자본비율": -0.47319112909488054,
    "현금흐름부채비율": 0.0,
    "현금흐름차입금비율": 0.0,
    "현금흐름총자본비율": -0.21894516328934305,
    "현금흐름매출액비율": 0.0,
    "영업이익이자보상배율": 0.0,
    "매입채무회전률": 0.0,
    "재고자산회전률": 0.0,
    "매출채권회전률": 0.057307266616618696,
    "주당순이익": -0.013774308248944604,
    "PER최고": 0.0,
    "PBR최저": 0.07047772240547542,
    "PCR최저": 0.0,
    "총자산": -0.09474959060375109,
    "영업현금흐름": 0.0,
    "EBITDA매출액비율": 0.0
  },
  "penalty": "l1",
  "solver": "liblinear"
}