{
  "model_name": "LogisticRegression",
  "data_type": "normal",
  "timestamp": "20250621_235520",
  "best_params": {
    "penalty": "l2",
    "solver": "saga",
    "C": 0.000339059839452667,
    "max_iter": 745
  },
  "cv_score": 0.9555472540091344,
  "validation_metrics": {
    "auc": 0.935496759300364,
    "precision": 0.0,
    "recall": 0.0,
    "f1": 0.0
  },
  "test_metrics": {
    "auc": 0.8869509903992662,
    "precision": 0.0,
    "recall": 0.0,
    "f1": 0.0
  },
  "data_info": {
    "train_shape": [
      9718,
      18
    ],
    "valid_shape": [
      3239,
      18
    ],
    "test_shape": [
      3240,
      18
    ],
    "train_default_ratio": 0.006379913562461412,
    "valid_default_ratio": 0.006483482556344551,
    "test_default_ratio": 0.006481481481481481
  }
}