{
  "model_name": "LogisticRegression",
  "data_type": "smote",
  "timestamp": "20250621_235616",
  "best_params": {
    "penalty": "l1",
    "C": 0.09716475793842674,
    "max_iter": 1608
  },
  "cv_score": 0.9886864979178542,
  "validation_metrics": {
    "auc": 0.945707182810974,
    "precision": 0.2708333333333333,
    "recall": 0.6190476190476191,
    "f1": 0.37681159420289856
  },
  "test_metrics": {
    "auc": 0.8352490421455938,
    "precision": 0.11627906976744186,
    "recall": 0.23809523809523808,
    "f1": 0.15625
  },
  "data_info": {
    "train_shape": [
      10621,
      18
    ],
    "valid_shape": [
      3239,
      18
    ],
    "test_shape": [
      3240,
      18
    ],
    "train_default_ratio": 0.09085773467658413,
    "valid_default_ratio": 0.006483482556344551,
    "test_default_ratio": 0.006481481481481481
  }
}