{
  "model_name": "XGBoost",
  "data_type": "normal",
  "timestamp": "20250622_003822",
  "best_params": {
    "booster": "dart",
    "n_estimators": 341,
    "max_depth": 6,
    "learning_rate": 0.04237908394496838,
    "subsample": 0.7415631250869736,
    "colsample_bytree": 0.9642644896459471,
    "reg_alpha": 0.03695120409022847,
    "reg_lambda": 4.67938220791244,
    "min_child_weight": 3,
    "gamma": 1.3590250491466233e-06,
    "sample_type": "uniform",
    "normalize_type": "tree",
    "rate_drop": 0.0009070974974454135,
    "one_drop": 1
  },
  "cv_score": 0.9732461269232597,
  "validation_metrics": {
    "auc": 0.9299328183728433,
    "precision": 0.6363636363636364,
    "recall": 0.3333333333333333,
    "f1": 0.4375
  },
  "test_metrics": {
    "auc": 0.9198656784863681,
    "precision": 0.25,
    "recall": 0.047619047619047616,
    "f1": 0.08
  },
  "data_info": {
    "train_shape": [
      9718,
      18
    ],
    "valid_shape": [
      3239,
      18
    ],
    "test_shape": [
      3240,
      18
    ],
    "train_default_ratio": 0.006379913562461412,
    "valid_default_ratio": 0.006483482556344551,
    "test_default_ratio": 0.006481481481481481
  }
}