{
  "method": "logistic_regression_cv",
  "optimal_C": 0.1,
  "cv_scores_mean": 0.2073243577976268,
  "cv_scores_std": 0.11243154930726791,
  "threshold_value": 0.06597192050659544,
  "original_features": 120,
  "selected_features": 21,
  "selected_feature_names": [
    "총자산수익률",
    "경영자본영업이익률",
    "순운전자본회전률",
    "이자보상배율",
    "순이익증가율",
    "경영자본영업이익률.1",
    "자본금영업이익률",
    "광고선전비비율",
    "인건비비율",
    "R&D투자효율",
    "누적감가상각률",
    "재고자산유동자산비율",
    "타인자본구성비율",
    "비유동장기적합률",
    "순운전자본비율",
    "유보액대비율",
    "현금흐름총자본비율",
    "현금흐름매출액비율",
    "자기자본회전률",
    "매출채권회전률",
    "비유동자산회전률"
  ],
  "feature_coefficients": {
    "순금융비용이자보상배율": 0.0,
    "사내유보율": 0.0,
    "재고자산증가율": 0.0,
    "총자본회전률": -0.05182119993571701,
    "총자산수익률": -0.14543245579673125,
    "비유동자산구성비율": 0.0,
    "기업순이익률": 0.0,
    "경영자본영업이익률": -0.11473712125978537,
    "총자본영업이익률": 0.0,
    "총자본사업이익률": 0.0,
    "유동자산구성비율": 0.0,
    "순운전자본회전률": -0.38895312548826494,
    "총자본투자효율": 0.0,
    "경영자본순이익률": 0.0,
    "차입금의존도": 0.0,
    "이자보상배율": 0.08342431426578091,
    "유동비율": 0.0,
    "매출액증가율": -0.004666584399256212,
    "매출액총이익률": 0.0,
    "매출액영업이익률": 0.020513869018533172,
    "매출액순이익률": 0.0,
    "자기자본순이익률": -0.02975510355161691,
    "부채비율": 0.0,
    "총자본증가율": 0.0,
    "유형자산증가율": 0.03619290404109177,
    "비유동생물자산증가율": 0.0,
    "투자부동산증가율": 0.0,
    "비유동자산증가율": 0.0,
    "유동자산증가율": -0.009885178196182376,
    "자기자본증가율": -0.06182444973261844,
    "영업이익증가율": 0.0,
    "순이익증가율": -0.1178467949552985,
    "총포괄이익증가율": 0.0,
    "종업원당부가가치증가율": 0.0,
    "종업원수증가율": 0.0,
    "종업원당매출액증가율": 0.005785771122739096,
    "종업원당인건비증가율": 0.0058413831046435745,
    "자기자본영업이익률": -0.05371915443255509,
    "경영자본영업이익률.1": -0.07353876245969082,
    "자본금영업이익률": -0.06792520335777974,
    "자본금순이익률": 0.0,
    "매출원가율": 0.06383243626407967,
    "영업비용률": 0.0,
    "기타손익비율": -0.014423331652260686,
    "금융손익비율": 0.0,
    "금융비용부담률": 0.0,
    "외환이익비율": -0.013886020579476329,
    "광고선전비비율": -0.12648753022407128,
    "세금과공과비율": 0.0,
    "기업순이익률.1": 0.0,
    "수지비율": 0.0,
    "인건비비율": -0.11460805103484635,
    "R&D투자효율": -0.21641225827847765,
    "세금과공과총비용비율": 0.0,
    "금융비용총비용비율": 0.06164859366238468,
    "감가상각비총비용비율": 0.0,
    "감가상각률": 0.010728329278577212,
    "누적감가상각률": 0.08480473197380353,
    "이자부담률": 0.0,
    "지급이자율": 0.0,
    "차입금평균이자율": 0.0,
    "유보율": 0.0,
    "사내유보자기자본비율": 0.0,
    "적립금비율": -0.06401863765541113,
    "평균배당률": 0.0,
    "자기자본배당률": 0.0,
    "배당성향": 0.0,
    "주당매출액": 0.0,
    "주당현금흐름": 0.0,
    "주당순자산": 0.0,
    "주당영업이익": 0.0,
    "재고자산유동자산비율": -0.214008700441295,
    "유동비유동자산비율": 0.0,
    "당좌자산구성비율": 0.0,
    "자기자본구성비율": 0.0,
    "타인자본구성비율": 0.12287718830526352,
    "자기자본배율": 0.0,
    "비유동비율": -0.018932872875946926,
    "비유동장기적합률": 0.1363782775416851,
    "당좌비율": 0.0,
    "현금비율": 0.0,
    "매출채권비율": 0.0,
    "재고자산순운전자본비율": 0.0,
    "매출채권매입채무비율": 0.0,
    "매출채권상제품비율": 0.0,
    "매입채무재고자산비율": 0.0,
    "유동부채비율": 0.0,
    "단기차입금총차입금비율": 0.0,
    "비유동부채비율": -0.0595575076751532,
    "비유동부채순운전자본비율": 0.0,
    "순운전자본비율": -0.07431895483191364,
    "차입금비율": 0.0,
    "유보액대비율": -0.4163690729102226,
    "유보액납입자본비율": 0.0,
    "유동자산집중도": 0.0,
    "비유동자산집중도": 0.0,
    "투자집중도": 0.0,
    "현금흐름부채비율": 0.0,
    "현금흐름차입금비율": 0.0,
    "현금흐름총자본비율": -0.12957011129009008,
    "현금흐름매출액비율": -0.10160185666237638,
    "영업이익이자보상배율": 0.0,
    "경영자본회전률": 0.0,
    "자기자본회전률": -0.12884094282714248,
    "자본금회전률": 0.0,
    "타인자본회전률": 0.0,
    "매입채무회전률": 0.0,
    "매입채무회전기간": 0.054463159944916364,
    "유동자산회전률": 0.0,
    "당좌자산회전률": 0.0,
    "재고자산회전률": 0.0,
    "재고자산회전기간": 0.0,
    "상품제품회전률": 0.046483060977992166,
    "원부재료회전률": 0.0,
    "재공품회전률": 0.0,
    "매출채권회전률": 0.1571081289423765,
    "매출채권회전기간": 0.036001368444369616,
    "비유동자산회전률": -0.12174588111410249,
    "유형자산회전률": 0.0,
    "주당순이익": 0.0
  },
  "penalty": "l1",
  "solver": "liblinear"
}