{
  "method": "shap",
  "base_estimator": "random_forest",
  "explainer_type": "tree",
  "sample_size": 2000,
  "threshold_value": 0.00238812198816779,
  "original_features": 118,
  "selected_features": 10,
  "selected_feature_names": [
    "수지비율",
    "경영자본순이익률",
    "매출액순이익률",
    "영업비용률",
    "총자산수익률",
    "유보액납입자본비율",
    "매출액영업이익률",
    "자기자본배율",
    "경영자본영업이익률",
    "주당순자산"
  ],
  "mean_abs_shap_values": {
    "순금융비용이자보상배율": 0.001149555013279063,
    "사내유보율": 5.451531808784904e-05,
    "재고자산증가율": 0.0022026399474536656,
    "총자본회전률": 0.003819200329683722,
    "총자산수익률": 0.01574836782275128,
    "비유동자산구성비율": 0.0013050689978792685,
    "총자본영업이익률": 0.010819213481170719,
    "총자본사업이익률": 0.008754215837508555,
    "유동자산구성비율": 0.0009253739419810122,
    "순운전자본회전률": 0.010690114515611733,
    "총자본투자효율": 0.008395559367199795,
    "경영자본순이익률": 0.023541802138765798,
    "차입금의존도": 0.001163967104658359,
    "이자보상배율": 0.00456045869471622,
    "유동비율": 0.005023875519095931,
    "매출액증가율": 0.0016200723243157793,
    "매출액총이익률": 0.0009591942222430474,
    "매출액영업이익률": 0.015001263387562698,
    "매출액순이익률": 0.020681869440759615,
    "자기자본순이익률": 0.0050234134983779075,
    "부채비율": 0.0013139666456654002,
    "총자본증가율": 0.003202464289845106,
    "유형자산증가율": 0.0026192247648505747,
    "비유동생물자산증가율": 0.0,
    "투자부동산증가율": 0.0005277889768474183,
    "비유동자산증가율": 0.0015857812626881873,
    "유동자산증가율": 0.0011682842104683109,
    "자기자본증가율": 0.0026569300092627434,
    "영업이익증가율": 0.0008744990463489275,
    "순이익증가율": 0.0005790798792856051,
    "총포괄이익증가율": 0.00035935336695926476,
    "종업원당부가가치증가율": 0.0010532611138731782,
    "종업원수증가율": 0.0018248788621926411,
    "종업원당매출액증가율": 0.0007121988170938867,
    "종업원당인건비증가율": 0.0015215638496206762,
    "자기자본영업이익률": 0.006896545803501311,
    "경영자본영업이익률": 0.01466192593095808,
    "자본금영업이익률": 0.010184355950245208,
    "자본금순이익률": 0.00820064761961511,
    "매출원가율": 0.0018683176711657785,
    "영업비용률": 0.01900513739980527,
    "기타손익비율": 0.007730626329624582,
    "금융손익비율": 0.006786785891144494,
    "금융비용부담률": 0.003942472800260794,
    "외환이익비율": 0.001321154505597149,
    "광고선전비비율": 0.0014659231703386417,
    "세금과공과비율": 0.0006576349330023319,
    "기업순이익률": 0.010427315296607178,
    "수지비율": 0.024982148489883848,
    "인건비비율": 0.0037404471023988303,
    "R&D투자효율": 0.0018439138504280181,
    "세금과공과총비용비율": 0.00024480951677725247,
    "금융비용총비용비율": 0.0022220929117285583,
    "감가상각비총비용비율": 0.00227526471726911,
    "감가상각률": 0.0020758451814284354,
    "누적감가상각률": 0.0012862443846505174,
    "이자부담률": 0.0030646317828730866,
    "지급이자율": 0.003922225888666169,
    "차입금평균이자율": 0.0038708374835181407,
    "유보율": 0.010311702035817433,
    "사내유보자기자본비율": 0.007778243143491105,
    "적립금비율": 0.006711424789280743,
    "평균배당률": 0.0003946316538405004,
    "자기자본배당률": 0.0006409572849720432,
    "배당성향": 0.0011022153919012234,
    "주당매출액": 0.0034153302479602355,
    "주당현금흐름": 0.002657528054400414,
    "주당순자산": 0.012760331868270587,
    "주당영업이익": 0.010570905335602501,
    "재고자산유동자산비율": 0.002263252974285801,
    "유동비유동자산비율": 0.0008266081624944477,
    "당좌자산구성비율": 0.0012161004959000742,
    "자기자본구성비율": 0.00353413697091478,
    "타인자본구성비율": 0.003331910081568237,
    "자기자본배율": 0.014831239741644124,
    "비유동비율": 0.0014492628678664775,
    "비유동장기적합률": 0.0011140052108074812,
    "당좌비율": 0.0035932436575138917,
    "현금비율": 0.010058824404433956,
    "매출채권비율": 0.0011034416102118588,
    "재고자산순운전자본비율": 0.0047589014350645316,
    "매출채권매입채무비율": 0.0018417628092293771,
    "매출채권상제품비율": 0.0009859244978570097,
    "매입채무재고자산비율": 0.0008294751410148426,
    "유동부채비율": 0.0011983859655517483,
    "단기차입금총차입금비율": 0.0007934663171964859,
    "비유동부채비율": 0.0015761600375285131,
    "비유동부채순운전자본비율": 0.00476073346013343,
    "순운전자본비율": 0.005055136130073008,
    "차입금비율": 0.0013828469076847035,
    "유보액대비율": 0.011765516384501122,
    "유보액납입자본비율": 0.015065845835620225,
    "유동자산집중도": 0.0033147791372115727,
    "비유동자산집중도": 0.0023966657360267154,
    "투자집중도": 0.0015205537198590604,
    "현금흐름부채비율": 0.003956823005924056,
    "현금흐름차입금비율": 0.002268971020772534,
    "현금흐름총자본비율": 0.0039227891908172,
    "현금흐름매출액비율": 0.004349149139196976,
    "영업이익이자보상배율": 0.0035022642306213442,
    "경영자본회전률": 0.0021948034130708,
    "자기자본회전률": 0.00238812198816779,
    "자본금회전률": 0.005839477352847284,
    "타인자본회전률": 0.009046242040217017,
    "매입채무회전률": 0.0013485806284186121,
    "매입채무회전기간": 0.001307335178759779,
    "유동자산회전률": 0.0027938656829089256,
    "당좌자산회전률": 0.0044115884281677765,
    "재고자산회전률": 0.0014721881092887414,
    "재고자산회전기간": 0.0008421351794344189,
    "상품제품회전률": 0.0010735549625825861,
    "원부재료회전률": 0.0016141701576818772,
    "재공품회전률": 0.0013682187531481225,
    "매출채권회전률": 0.0013910191482392122,
    "매출채권회전기간": 0.0013026650823241815,
    "비유동자산회전률": 0.0030855430835362565,
    "유형자산회전률": 0.0013326741753123322,
    "주당순이익": 0.003654813208418869
  },
  "estimator_params": {
    "n_estimators": 500,
    "max_depth": 8,
    "min_samples_split": 5,
    "min_samples_leaf": 3,
    "class_weight": "balanced"
  }
}