{
  "method": "logistic_regression_cv",
  "optimal_C": 1.0,
  "cv_scores_mean": 0.05891355379350547,
  "cv_scores_std": 0.05591489552131072,
  "threshold_value": 1e-05,
  "original_features": 17,
  "selected_features": 16,
  "selected_feature_names": [
    "매출액증가율",
    "총자산증가율",
    "자본비율",
    "이자부담차입금비율",
    "총자산수익률(ROA)",
    "투하자본수익률(ROIC)",
    "영업이익대차입금비율",
    "현금흐름대부채비율",
    "로그총자산",
    "PCR",
    "PER",
    "Δ부채자본비율",
    "Δ자본비율",
    "ROIC_변화량",
    "납입자본금",
    "Δ총자산회전율"
  ],
  "feature_coefficients": {
    "매출액증가율": -0.22201104817041137,
    "총자산증가율": 0.01033345043208089,
    "자본비율": -0.6110646970084308,
    "이자부담차입금비율": 0.28454477558834196,
    "총자산수익률(ROA)": -0.4337643454382567,
    "투하자본수익률(ROIC)": 0.21443582272365216,
    "영업이익대차입금비율": -0.10064845355921352,
    "현금흐름대부채비율": -0.2859087631082432,
    "로그총자산": -0.7935434558524707,
    "EV": 0.0,
    "PCR": 0.014160056996886333,
    "PER": 0.0252144063382936,
    "Δ부채자본비율": -0.02719358403701947,
    "Δ자본비율": 0.1539425563740375,
    "ROIC_변화량": -0.004553282661907696,
    "납입자본금": -0.09161944108029103,
    "Δ총자산회전율": -0.0004895094819847312
  },
  "penalty": "l1",
  "solver": "saga"
}