{
  "method": "shap",
  "base_estimator": "random_forest",
  "explainer_type": "tree",
  "sample_size": 2000,
  "threshold_value": 0.002340632919552984,
  "original_features": 118,
  "selected_features": 10,
  "selected_feature_names": [
    "수지비율",
    "경영자본순이익률",
    "매출액순이익률",
    "영업비용률",
    "총자산수익률",
    "유보액납입자본비율",
    "매출액영업이익률",
    "자기자본배율",
    "경영자본영업이익률",
    "주당순자산"
  ],
  "mean_abs_shap_values": {
    "순금융비용이자보상배율": 0.0011333975036968756,
    "사내유보율": 5.1087740436383004e-05,
    "재고자산증가율": 0.0022468383826258053,
    "총자본회전률": 0.0036433736598880965,
    "총자산수익률": 0.015895989741029095,
    "비유동자산구성비율": 0.001307706331720218,
    "총자본영업이익률": 0.010950139984878909,
    "총자본사업이익률": 0.008860250432208389,
    "유동자산구성비율": 0.0009279458300603913,
    "순운전자본회전률": 0.01071155695389803,
    "총자본투자효율": 0.008387795839279396,
    "경영자본순이익률": 0.02362482027790492,
    "차입금의존도": 0.0011610328411355288,
    "이자보상배율": 0.004534981572653243,
    "유동비율": 0.004941545579624085,
    "매출액증가율": 0.0016677347928528235,
    "매출액총이익률": 0.0009566409314865303,
    "매출액영업이익률": 0.015100701399247688,
    "매출액순이익률": 0.020541120592196108,
    "자기자본순이익률": 0.005051646713687569,
    "부채비율": 0.001298318024842757,
    "총자본증가율": 0.0032348021534347416,
    "유형자산증가율": 0.0025947738153321758,
    "비유동생물자산증가율": 0.0,
    "투자부동산증가율": 0.0005093249962609529,
    "비유동자산증가율": 0.0015345761713815764,
    "유동자산증가율": 0.0011497035016067583,
    "자기자본증가율": 0.0026623416327496304,
    "영업이익증가율": 0.0008868215171773755,
    "순이익증가율": 0.0005593352001368107,
    "총포괄이익증가율": 0.0003678969152757735,
    "종업원당부가가치증가율": 0.0011019315891034373,
    "종업원수증가율": 0.0018035130173516105,
    "종업원당매출액증가율": 0.0007094735894065605,
    "종업원당인건비증가율": 0.001577043570496143,
    "자기자본영업이익률": 0.006963374057224021,
    "경영자본영업이익률": 0.014859647134377684,
    "자본금영업이익률": 0.010234525688958772,
    "자본금순이익률": 0.008194473680019574,
    "매출원가율": 0.001857964652439105,
    "영업비용률": 0.01907810787465448,
    "기타손익비율": 0.007691626933235405,
    "금융손익비율": 0.0068145942261977396,
    "금융비용부담률": 0.003892098287237726,
    "외환이익비율": 0.0013131252352471018,
    "광고선전비비율": 0.001423456787298616,
    "세금과공과비율": 0.0006622824169427317,
    "기업순이익률": 0.010516858759575766,
    "수지비율": 0.02477114592296946,
    "인건비비율": 0.0035507013492251625,
    "R&D투자효율": 0.0015591849469732343,
    "세금과공과총비용비율": 0.00024891372462833734,
    "금융비용총비용비율": 0.0022009672877382814,
    "감가상각비총비용비율": 0.002271517651749128,
    "감가상각률": 0.0020979635608849288,
    "누적감가상각률": 0.0012881520205677145,
    "이자부담률": 0.003049416003927269,
    "지급이자율": 0.0038799136694967354,
    "차입금평균이자율": 0.0038461650700114215,
    "유보율": 0.010387351859581175,
    "사내유보자기자본비율": 0.007908231008113423,
    "적립금비율": 0.006767853768180594,
    "평균배당률": 0.0004059978198432636,
    "자기자본배당률": 0.0006596087228847488,
    "배당성향": 0.0011037405657174449,
    "주당매출액": 0.003461506590972188,
    "주당현금흐름": 0.002709041000772896,
    "주당순자산": 0.013117899229748185,
    "주당영업이익": 0.010641300778664523,
    "재고자산유동자산비율": 0.002340632919552984,
    "유동비유동자산비율": 0.0008519965875656734,
    "당좌자산구성비율": 0.0012720916969213478,
    "자기자본구성비율": 0.00345239880066691,
    "타인자본구성비율": 0.003281122097465259,
    "자기자본배율": 0.01492433696289782,
    "비유동비율": 0.001421224648825064,
    "비유동장기적합률": 0.0011004254607155674,
    "당좌비율": 0.0035836947748158947,
    "현금비율": 0.01018102339443703,
    "매출채권비율": 0.0011144426064332521,
    "재고자산순운전자본비율": 0.004634568073807294,
    "매출채권매입채무비율": 0.0018298960568539308,
    "매출채권상제품비율": 0.0009818976836379507,
    "매입채무재고자산비율": 0.0008411795105164466,
    "유동부채비율": 0.0011690751980647483,
    "단기차입금총차입금비율": 0.0008041909390953823,
    "비유동부채비율": 0.0016274193386585656,
    "비유동부채순운전자본비율": 0.004683753902652935,
    "순운전자본비율": 0.004878476952621171,
    "차입금비율": 0.0013678678314878545,
    "유보액대비율": 0.011590272699986843,
    "유보액납입자본비율": 0.015148795158403136,
    "유동자산집중도": 0.0033253314310303047,
    "비유동자산집중도": 0.002290062720709602,
    "투자집중도": 0.0014798837330349936,
    "현금흐름부채비율": 0.0039610976276433525,
    "현금흐름차입금비율": 0.002275194103420434,
    "현금흐름총자본비율": 0.0039506293406833684,
    "현금흐름매출액비율": 0.004408837148481006,
    "영업이익이자보상배율": 0.003440901159251418,
    "경영자본회전률": 0.002130699473145233,
    "자기자본회전률": 0.0024761395071149967,
    "자본금회전률": 0.005870121097012734,
    "타인자본회전률": 0.008885396200297307,
    "매입채무회전률": 0.0013541445175000474,
    "매입채무회전기간": 0.001337254616707399,
    "유동자산회전률": 0.0028054811748348778,
    "당좌자산회전률": 0.004464881157350484,
    "재고자산회전률": 0.001505057502271132,
    "재고자산회전기간": 0.000847060190882597,
    "상품제품회전률": 0.0010630422168479076,
    "원부재료회전률": 0.0016965917685142703,
    "재공품회전률": 0.0013632344521019384,
    "매출채권회전률": 0.0014298926238075949,
    "매출채권회전기간": 0.0013297610730600737,
    "비유동자산회전률": 0.0029546862372965173,
    "유형자산회전률": 0.0013674332142924114,
    "주당순이익": 0.003660609270023948
  },
  "estimator_params": {
    "n_estimators": 500,
    "max_depth": 8,
    "min_samples_split": 5,
    "min_samples_leaf": 3,
    "class_weight": "balanced"
  }
}