{
  "optimal_alpha": 0.001,
  "threshold_value": 0.0014717536603674596,
  "original_features": 16,
  "selected_features": 5,
  "selected_feature_names": [
    "총자산수익률",
    "순운전자본회전률",
    "경영자본순이익률",
    "차입금의존도",
    "이자보상배율"
  ],
  "feature_coefficients": {
    "순금융비용이자보상배율": 0.0,
    "사내유보율": -0.0,
    "재고자산증가율": -0.0010935347273973678,
    "총자본회전률": -0.0,
    "총자산수익률": -0.013582894162284847,
    "비유동자산구성비율": 0.0,
    "총자본영업이익률": 0.0,
    "총자본사업이익률": 0.0012649570123024225,
    "유동자산구성비율": -0.0,
    "순운전자본회전률": -0.0016373421966547853,
    "총자본투자효율": -0.0008378099227147834,
    "경영자본순이익률": -0.0026447288872921654,
    "차입금의존도": 0.001537064221476909,
    "이자보상배율": 0.0016876065110291265,
    "유동비율": -0.00140644309925801,
    "주당순이익": 0.0008997509516538223
  }
}