{
  "method": "shap",
  "base_estimator": "random_forest",
  "explainer_type": "tree",
  "sample_size": 9795,
  "threshold_value": 0.002561822975939363,
  "original_features": 118,
  "selected_features": 10,
  "selected_feature_names": [
    "수지비율",
    "경영자본순이익률",
    "영업비용률",
    "매출액순이익률",
    "총자산수익률",
    "경영자본영업이익률",
    "유보액납입자본비율",
    "매출액영업이익률",
    "자기자본배율",
    "유보액대비율"
  ],
  "mean_abs_shap_values": {
    "순금융비용이자보상배율": 0.0012446606076969504,
    "사내유보율": 4.189538134296089e-05,
    "재고자산증가율": 0.0027147439389437725,
    "총자본회전률": 0.003923883001874141,
    "총자산수익률": 0.015723291753263733,
    "비유동자산구성비율": 0.00147280497866136,
    "총자본영업이익률": 0.010538020988784329,
    "총자본사업이익률": 0.005923107551701319,
    "유동자산구성비율": 0.000762875269035481,
    "순운전자본회전률": 0.009715533129782987,
    "총자본투자효율": 0.008345390297320007,
    "경영자본순이익률": 0.024789684423976967,
    "차입금의존도": 0.0013214313793482417,
    "이자보상배율": 0.005689746584954709,
    "유동비율": 0.0045704425785055075,
    "매출액증가율": 0.0017156517867857157,
    "매출액총이익률": 0.0010570393482186777,
    "매출액영업이익률": 0.014651841869192541,
    "매출액순이익률": 0.019793337004424174,
    "자기자본순이익률": 0.0040647169643950555,
    "부채비율": 0.0012569456012964917,
    "총자본증가율": 0.0028146625618880364,
    "유형자산증가율": 0.002561822975939363,
    "비유동생물자산증가율": 0.0,
    "투자부동산증가율": 0.00049133555999574,
    "비유동자산증가율": 0.0017697577816282856,
    "유동자산증가율": 0.001220914015979953,
    "자기자본증가율": 0.003045901258502254,
    "영업이익증가율": 0.0006336156151850845,
    "순이익증가율": 0.0005032265626602697,
    "총포괄이익증가율": 0.00040329904756614143,
    "종업원당부가가치증가율": 0.0009177751366817781,
    "종업원수증가율": 0.0017156067190346091,
    "종업원당매출액증가율": 0.0007102853922492317,
    "종업원당인건비증가율": 0.0016407391974179986,
    "자기자본영업이익률": 0.008270033505545128,
    "경영자본영업이익률": 0.015720466857967845,
    "자본금영업이익률": 0.009655033233685086,
    "자본금순이익률": 0.009720276987836432,
    "매출원가율": 0.0019591660690991817,
    "영업비용률": 0.02011632625521336,
    "기타손익비율": 0.007195823864294232,
    "금융손익비율": 0.006236834983584962,
    "금융비용부담률": 0.003726935336781788,
    "외환이익비율": 0.0013192443861259424,
    "광고선전비비율": 0.001465964905452187,
    "세금과공과비율": 0.0005711787172430312,
    "기업순이익률": 0.00997383783089049,
    "수지비율": 0.02739127481346141,
    "인건비비율": 0.0036702461133105648,
    "R&D투자효율": 0.001797945960283808,
    "세금과공과총비용비율": 0.00023772731000313037,
    "금융비용총비용비율": 0.0020578117039939227,
    "감가상각비총비용비율": 0.0022233718053520533,
    "감가상각률": 0.002403909519948341,
    "누적감가상각률": 0.0012041940242829353,
    "이자부담률": 0.003501430401036981,
    "지급이자율": 0.004665491458141832,
    "차입금평균이자율": 0.0034049766281258292,
    "유보율": 0.011087403016456453,
    "사내유보자기자본비율": 0.007300095589894611,
    "적립금비율": 0.006579180050361216,
    "평균배당률": 0.0007445054995992282,
    "자기자본배당률": 0.0006427815817220987,
    "배당성향": 0.0005576333164490698,
    "주당매출액": 0.003369686604300881,
    "주당현금흐름": 0.0031818511136995427,
    "주당순자산": 0.01220161211455856,
    "주당영업이익": 0.011158620457996711,
    "재고자산유동자산비율": 0.0024224815744708097,
    "유동비유동자산비율": 0.0010041988568018198,
    "당좌자산구성비율": 0.0014077825862462239,
    "자기자본구성비율": 0.004086186134596563,
    "타인자본구성비율": 0.003419606793202263,
    "자기자본배율": 0.014377216860955458,
    "비유동비율": 0.001187038177499208,
    "비유동장기적합률": 0.001172169716802497,
    "당좌비율": 0.003696430897096245,
    "현금비율": 0.00982201423232042,
    "매출채권비율": 0.001234052496988322,
    "재고자산순운전자본비율": 0.004801785520926462,
    "매출채권매입채무비율": 0.0019616203345139754,
    "매출채권상제품비율": 0.0011868658979896076,
    "매입채무재고자산비율": 0.0008899012083788295,
    "유동부채비율": 0.00128215270077775,
    "단기차입금총차입금비율": 0.0007661598985813971,
    "비유동부채비율": 0.0016473380684778117,
    "비유동부채순운전자본비율": 0.004079549347067764,
    "순운전자본비율": 0.0045069250180907175,
    "차입금비율": 0.0012322072119652968,
    "유보액대비율": 0.012232018499013972,
    "유보액납입자본비율": 0.014687639253123863,
    "유동자산집중도": 0.0035819869185116583,
    "비유동자산집중도": 0.0026277279593443226,
    "투자집중도": 0.0016141820749744611,
    "현금흐름부채비율": 0.004351189331076486,
    "현금흐름차입금비율": 0.0018035791036685798,
    "현금흐름총자본비율": 0.0042150299169614915,
    "현금흐름매출액비율": 0.00479022856156064,
    "영업이익이자보상배율": 0.003212454361742715,
    "경영자본회전률": 0.0015197116819947326,
    "자기자본회전률": 0.002494332005677651,
    "자본금회전률": 0.005993687276356525,
    "타인자본회전률": 0.008346739292459096,
    "매입채무회전률": 0.0013190631172617987,
    "매입채무회전기간": 0.0013880109251081796,
    "유동자산회전률": 0.0028730916945606585,
    "당좌자산회전률": 0.00522009686546968,
    "재고자산회전률": 0.001274021503258347,
    "재고자산회전기간": 0.000946923243275672,
    "상품제품회전률": 0.0010115162069591073,
    "원부재료회전률": 0.0015692790100886205,
    "재공품회전률": 0.0014856565205844,
    "매출채권회전률": 0.0014381063395395783,
    "매출채권회전기간": 0.0013135212955568746,
    "비유동자산회전률": 0.002791673651498962,
    "유형자산회전률": 0.0014032002507567648,
    "주당순이익": 0.004071425040687785
  },
  "estimator_params": {
    "n_estimators": 300,
    "max_depth": 8,
    "min_samples_split": 5,
    "min_samples_leaf": 3,
    "class_weight": "balanced"
  }
}