{
  "method": "shap",
  "base_estimator": "random_forest",
  "explainer_type": "tree",
  "sample_size": 2000,
  "threshold_value": 0.002397237434806411,
  "original_features": 118,
  "selected_features": 10,
  "selected_feature_names": [
    "수지비율",
    "경영자본순이익률",
    "매출액순이익률",
    "영업비용률",
    "총자산수익률",
    "유보액납입자본비율",
    "매출액영업이익률",
    "자기자본배율",
    "경영자본영업이익률",
    "주당순자산"
  ],
  "mean_abs_shap_values": {
    "순금융비용이자보상배율": 0.0011053645038207537,
    "사내유보율": 5.816675206604436e-05,
    "재고자산증가율": 0.002258057053398221,
    "총자본회전률": 0.003881297485581029,
    "총자산수익률": 0.015764114073046075,
    "비유동자산구성비율": 0.0013096607373145424,
    "총자본영업이익률": 0.010749747763762899,
    "총자본사업이익률": 0.00870113762182186,
    "유동자산구성비율": 0.0009229065185145594,
    "순운전자본회전률": 0.011344382803715405,
    "총자본투자효율": 0.008317578318280007,
    "경영자본순이익률": 0.023388530471946722,
    "차입금의존도": 0.0011866958752614527,
    "이자보상배율": 0.004488083704904916,
    "유동비율": 0.0047312284937774405,
    "매출액증가율": 0.0016765992607631168,
    "매출액총이익률": 0.0009527773889240015,
    "매출액영업이익률": 0.015096731521833748,
    "매출액순이익률": 0.020614812819091777,
    "자기자본순이익률": 0.004967099269023296,
    "부채비율": 0.001301878382546734,
    "총자본증가율": 0.003380933209820691,
    "유형자산증가율": 0.0026314413635649125,
    "비유동생물자산증가율": 0.0,
    "투자부동산증가율": 0.0005459424467018883,
    "비유동자산증가율": 0.0016040735565841075,
    "유동자산증가율": 0.001188761072213989,
    "자기자본증가율": 0.0026814199543603793,
    "영업이익증가율": 0.0008864246067994213,
    "순이익증가율": 0.0005567834393188531,
    "총포괄이익증가율": 0.000381626431283081,
    "종업원당부가가치증가율": 0.001090049240221855,
    "종업원수증가율": 0.0018278794388588615,
    "종업원당매출액증가율": 0.0007409430899666865,
    "종업원당인건비증가율": 0.0015655059811159465,
    "자기자본영업이익률": 0.006877710564715199,
    "경영자본영업이익률": 0.014576506739333302,
    "자본금영업이익률": 0.01010158708628069,
    "자본금순이익률": 0.008122421134671752,
    "매출원가율": 0.0019040617372535174,
    "영업비용률": 0.019027892495391812,
    "기타손익비율": 0.007742664571274589,
    "금융손익비율": 0.0068066523772733496,
    "금융비용부담률": 0.003938743625860862,
    "외환이익비율": 0.0013090348709496166,
    "광고선전비비율": 0.001463559584402646,
    "세금과공과비율": 0.0006542274402416403,
    "기업순이익률": 0.010451039916599673,
    "수지비율": 0.024848713940525676,
    "인건비비율": 0.0035146232044891913,
    "R&D투자효율": 0.0016553935156037136,
    "세금과공과총비용비율": 0.0002716555067416763,
    "금융비용총비용비율": 0.002208138600652703,
    "감가상각비총비용비율": 0.0022729126497161656,
    "감가상각률": 0.002061791033590559,
    "누적감가상각률": 0.0012903939616890163,
    "이자부담률": 0.003029209072753935,
    "지급이자율": 0.0038753730647225326,
    "차입금평균이자율": 0.0038383579738296243,
    "유보율": 0.010502938643978214,
    "사내유보자기자본비율": 0.008007320348985181,
    "적립금비율": 0.006815640300881961,
    "평균배당률": 0.0003920692643726243,
    "자기자본배당률": 0.000644166677099734,
    "배당성향": 0.0010897763349639775,
    "주당매출액": 0.003451857383691577,
    "주당현금흐름": 0.0026727792907435106,
    "주당순자산": 0.012982389808543082,
    "주당영업이익": 0.01048126418272268,
    "재고자산유동자산비율": 0.002277378472212088,
    "유동비유동자산비율": 0.0008369864247968166,
    "당좌자산구성비율": 0.0012812476337830303,
    "자기자본구성비율": 0.0033882545477887348,
    "타인자본구성비율": 0.003225328800022582,
    "자기자본배율": 0.015094799534338947,
    "비유동비율": 0.0013898337131293844,
    "비유동장기적합률": 0.0010853579268335872,
    "당좌비율": 0.0034843557330880453,
    "현금비율": 0.00961418561092552,
    "매출채권비율": 0.0011380336239454137,
    "재고자산순운전자본비율": 0.004402830964889321,
    "매출채권매입채무비율": 0.0017921730714060126,
    "매출채권상제품비율": 0.0009883734073897485,
    "매입채무재고자산비율": 0.0008412741279391968,
    "유동부채비율": 0.0011766418508402288,
    "단기차입금총차입금비율": 0.0007927665273012061,
    "비유동부채비율": 0.0015950866460792215,
    "비유동부채순운전자본비율": 0.004601318136256635,
    "순운전자본비율": 0.004669140501438397,
    "차입금비율": 0.001366973391897296,
    "유보액대비율": 0.011695390195573934,
    "유보액납입자본비율": 0.01522027681280488,
    "유동자산집중도": 0.0035384332546378205,
    "비유동자산집중도": 0.002397237434806411,
    "투자집중도": 0.0015287203442815856,
    "현금흐름부채비율": 0.004009131272651786,
    "현금흐름차입금비율": 0.002281764985433196,
    "현금흐름총자본비율": 0.003926180166597506,
    "현금흐름매출액비율": 0.004389492089736323,
    "영업이익이자보상배율": 0.0033834431317482276,
    "경영자본회전률": 0.002264721868983755,
    "자기자본회전률": 0.002465164738065785,
    "자본금회전률": 0.005853118109273562,
    "타인자본회전률": 0.009081614198733658,
    "매입채무회전률": 0.001421628292232523,
    "매입채무회전기간": 0.0013945785008843362,
    "유동자산회전률": 0.0030482529676614085,
    "당좌자산회전률": 0.004658463912915768,
    "재고자산회전률": 0.0015667266428038382,
    "재고자산회전기간": 0.0008713814042703526,
    "상품제품회전률": 0.0010677506442407472,
    "원부재료회전률": 0.0017482750485681912,
    "재공품회전률": 0.0013882036911207845,
    "매출채권회전률": 0.001412790865202337,
    "매출채권회전기간": 0.0013283794988544788,
    "비유동자산회전률": 0.0030891140646221423,
    "유형자산회전률": 0.0013608067374556619,
    "주당순이익": 0.003653663523965713
  },
  "estimator_params": {
    "n_estimators": 500,
    "max_depth": 8,
    "min_samples_split": 5,
    "min_samples_leaf": 3,
    "class_weight": "balanced"
  }
}