{
  "method": "shap",
  "base_estimator": "random_forest",
  "explainer_type": "tree",
  "sample_size": 13300,
  "threshold_value": 0.0025345843391391763,
  "original_features": 118,
  "selected_features": 10,
  "selected_feature_names": [
    "영업비용률",
    "매출액순이익률",
    "주당순자산",
    "경영자본순이익률",
    "순운전자본회전률",
    "매출액영업이익률",
    "자기자본배율",
    "경영자본영업이익률",
    "총자산수익률",
    "타인자본회전률"
  ],
  "mean_abs_shap_values": {
    "순금융비용이자보상배율": 0.0014793868152647217,
    "사내유보율": 4.205061069011653e-05,
    "재고자산증가율": 0.0035391166054775758,
    "총자본회전률": 0.0025517067915193786,
    "총자산수익률": 0.014149107807172708,
    "비유동자산구성비율": 0.0015630072415805882,
    "총자본영업이익률": 0.008852708803620074,
    "총자본사업이익률": 0.007937447375581552,
    "유동자산구성비율": 0.0013909727353665444,
    "순운전자본회전률": 0.017487242461511437,
    "총자본투자효율": 0.005114074722092403,
    "경영자본순이익률": 0.018746980557206035,
    "차입금의존도": 0.0020230778654249967,
    "이자보상배율": 0.0035323572732912155,
    "유동비율": 0.007242160511713585,
    "매출액증가율": 0.0025947537816528735,
    "매출액총이익률": 0.0009579665293162235,
    "매출액영업이익률": 0.015929392190307885,
    "매출액순이익률": 0.020468963112237698,
    "자기자본순이익률": 0.0027290690883490965,
    "부채비율": 0.001423222956843821,
    "총자본증가율": 0.00603334166656411,
    "유형자산증가율": 0.0025345843391391763,
    "비유동생물자산증가율": 0.0,
    "투자부동산증가율": 0.0007456089801309907,
    "비유동자산증가율": 0.0026006570652114145,
    "유동자산증가율": 0.0011498394935835394,
    "자기자본증가율": 0.0020720255594382547,
    "영업이익증가율": 0.0007393172155221747,
    "순이익증가율": 0.0005780818834633982,
    "총포괄이익증가율": 0.0003043091084082806,
    "종업원당부가가치증가율": 0.001664438497054833,
    "종업원수증가율": 0.0034790203701899605,
    "종업원당매출액증가율": 0.00078804129834658,
    "종업원당인건비증가율": 0.0013249531124402707,
    "자기자본영업이익률": 0.007496194084077988,
    "경영자본영업이익률": 0.015125300644980178,
    "자본금영업이익률": 0.009508338582538786,
    "자본금순이익률": 0.005712150194939301,
    "매출원가율": 0.0018084336566442766,
    "영업비용률": 0.023845455098279747,
    "기타손익비율": 0.004735696550500801,
    "금융손익비율": 0.008476065834563304,
    "금융비용부담률": 0.00974099441990054,
    "외환이익비율": 0.0011949822404934817,
    "광고선전비비율": 0.002517494052149489,
    "세금과공과비율": 0.001752071047968095,
    "기업순이익률": 0.008569511850986894,
    "수지비율": 0.012108030923824403,
    "인건비비율": 0.005772535919156787,
    "R&D투자효율": 0.003341436384240381,
    "세금과공과총비용비율": 0.00045293687955669676,
    "금융비용총비용비율": 0.00602223674640049,
    "감가상각비총비용비율": 0.0027440542026407485,
    "감가상각률": 0.0012336812653406923,
    "누적감가상각률": 0.0009524729777391012,
    "이자부담률": 0.004829865002546502,
    "지급이자율": 0.005154867857395626,
    "차입금평균이자율": 0.002240949060877504,
    "유보율": 0.010037960569101109,
    "사내유보자기자본비율": 0.006835233622595039,
    "적립금비율": 0.007365051698832634,
    "평균배당률": 0.0004448258675222663,
    "자기자본배당률": 0.0007452829806556901,
    "배당성향": 7.81547432189514e-06,
    "주당매출액": 0.0028349575118845702,
    "주당현금흐름": 0.0011959046112365859,
    "주당순자산": 0.020098319944568482,
    "주당영업이익": 0.006933418664583651,
    "재고자산유동자산비율": 0.0024547863550458708,
    "유동비유동자산비율": 0.001086301576508416,
    "당좌자산구성비율": 0.0012794629945274266,
    "자기자본구성비율": 0.004646797525018975,
    "타인자본구성비율": 0.006166910532316571,
    "자기자본배율": 0.015299787300294328,
    "비유동비율": 0.00172738825358294,
    "비유동장기적합률": 0.001400230132314761,
    "당좌비율": 0.0038804691044468896,
    "현금비율": 0.01170907148242484,
    "매출채권비율": 0.0014335269574638958,
    "재고자산순운전자본비율": 0.005386285989294514,
    "매출채권매입채무비율": 0.0013807050290913455,
    "매출채권상제품비율": 0.0008561043386147206,
    "매입채무재고자산비율": 0.0010203361691061275,
    "유동부채비율": 0.0009703208125759973,
    "단기차입금총차입금비율": 0.0010800389559873001,
    "비유동부채비율": 0.001523352768516268,
    "비유동부채순운전자본비율": 0.0034040438169211547,
    "순운전자본비율": 0.009528572411860258,
    "차입금비율": 0.001319488880748634,
    "유보액대비율": 0.01311944178036033,
    "유보액납입자본비율": 0.009801372160933252,
    "유동자산집중도": 0.002627935989085954,
    "비유동자산집중도": 0.0032707685556260207,
    "투자집중도": 0.0023253715672366874,
    "현금흐름부채비율": 0.001544427075458977,
    "현금흐름차입금비율": 0.0017275301951022153,
    "현금흐름총자본비율": 0.002409393296681063,
    "현금흐름매출액비율": 0.003291656429064096,
    "영업이익이자보상배율": 0.006433987975079251,
    "경영자본회전률": 0.0034615413689051294,
    "자기자본회전률": 0.001924569597287186,
    "자본금회전률": 0.005069815554442116,
    "타인자본회전률": 0.01400852007055931,
    "매입채무회전률": 0.0014838269926164146,
    "매입채무회전기간": 0.0014836418282452237,
    "유동자산회전률": 0.0027099036930820957,
    "당좌자산회전률": 0.002531823172747435,
    "재고자산회전률": 0.0010977171309904286,
    "재고자산회전기간": 0.0011804619131938763,
    "상품제품회전률": 0.0009353985430348952,
    "원부재료회전률": 0.002144986704464531,
    "재공품회전률": 0.0007215737432495081,
    "매출채권회전률": 0.001552493590994303,
    "매출채권회전기간": 0.0013032830304678677,
    "비유동자산회전률": 0.0025390300474777655,
    "유형자산회전률": 0.0019053206873490582,
    "주당순이익": 0.0017151165580650011
  },
  "estimator_params": {
    "n_estimators": 300,
    "max_depth": 8,
    "min_samples_split": 5,
    "min_samples_leaf": 3,
    "class_weight": "balanced"
  }
}