{
  "method": "logistic_regression_cv",
  "optimal_C": 1.0,
  "cv_scores_mean": 0.21615092201537217,
  "cv_scores_std": 0.14564616625172508,
  "threshold_value": 0.14519166784978235,
  "original_features": 34,
  "selected_features": 16,
  "selected_feature_names": [
    "매출액증가율",
    "총부채증가율",
    "자본비율",
    "장기차입금자본비율",
    "총자산수익률(ROA)",
    "자기자본수익률(ROE)",
    "총자산회전율",
    "로그총자산",
    "EV",
    "EV/EBIT",
    "PSR",
    "PCR",
    "주식회전율",
    "ROA_변화량",
    "Δ자본비율",
    "Δ총자산회전율"
  ],
  "feature_coefficients": {
    "매출액증가율": -0.22819380563968036,
    "영업이익증가율": -0.0013061752497621766,
    "당기순이익증가율": 0.022743039082574062,
    "총자산증가율": 0.0,
    "총부채증가율": -0.7387515713663875,
    "영업현금흐름증가율": 0.12103097868204672,
    "부채자본비율": 0.1156194464847314,
    "자본비율": -1.8196613141305362,
    "이자부담차입금비율": 0.0012543922103002334,
    "장기차입금자본비율": -0.23460934538027395,
    "총자산수익률(ROA)": 1.8370488860608536,
    "자기자본수익률(ROE)": 0.48628357226243785,
    "투하자본수익률(ROIC)": -0.05223739694738644,
    "총자산회전율": -0.7339276860872536,
    "영업이익대차입금비율": 0.0,
    "현금흐름대부채비율": -0.04187860175115109,
    "DOL": -0.08951712875770193,
    "DFL": 0.05497799888043639,
    "ΔDFL": -0.025376414733596336,
    "로그총자산": -2.0503664834438373,
    "EV": 0.2677459654571487,
    "EV/EBIT": -0.455824120306918,
    "PBR": -0.04690268682361651,
    "PER": -0.06843354711279666,
    "PSR": 0.23386383417507173,
    "PCR": -0.18543055593382307,
    "주식회전율": 0.1860903110470511,
    "ROA_변화량": -0.7628900791874695,
    "ROE_변화량": -0.11772835092079195,
    "ROIC_변화량": 0.03904660027445753,
    "Δ부채자본비율": 0.008551839744856102,
    "Δ자본비율": -0.24798717519144847,
    "Δ총자산회전율": 0.169352357017518,
    "Δ현금흐름대부채비율": 0.024671293050882396
  },
  "penalty": "l1",
  "solver": "saga"
}