{
  "optimal_alpha": 0.0001,
  "threshold_value": 0.025255793763684534,
  "original_features": 17,
  "selected_features": 9,
  "selected_feature_names": [
    "ROA",
    "TLTA",
    "CFO_TD",
    "RE_TA",
    "EBIT_TA",
    "CLCA",
    "CFO_TA",
    "TLMTA",
    "RET_9M"
  ],
  "feature_coefficients": {
    "ROA": -0.049057856784962696,
    "TLTA": -0.07752526989023294,
    "WC_TA": -0.0015605053827545522,
    "CFO_TD": 0.045950071178761945,
    "SIGMA": -0.008781087421105834,
    "RE_TA": -0.10962123877807817,
    "EBIT_TA": -0.025255793763684534,
    "MVE_TL": 0.0015101345151619589,
    "S_TA": -0.015931908594129057,
    "CLCA": 0.09161515348847908,
    "OENEG": 0.0028894201682864973,
    "CR": -0.012845995041165374,
    "CFO_TA": -0.04402244737708446,
    "TLMTA": 0.034196760175573056,
    "RET_3M": -0.012242735553279748,
    "RET_9M": 0.04491020944531808,
    "MB": -0.013548294799192024
  }
}