{
  "method": "logistic_regression_cv",
  "optimal_C": 1.0,
  "cv_scores_mean": 0.0534191236379018,
  "cv_scores_std": 0.05278531984606323,
  "threshold_value": 0.12343197726086155,
  "original_features": 17,
  "selected_features": 9,
  "selected_feature_names": [
    "매출액증가율",
    "자본비율",
    "이자부담차입금비율",
    "총자산수익률(ROA)",
    "투하자본수익률(ROIC)",
    "현금흐름대부채비율",
    "로그총자산",
    "Δ자본비율",
    "납입자본금"
  ],
  "feature_coefficients": {
    "매출액증가율": -0.1927748249541386,
    "총자산증가율": 0.02122757356157681,
    "자본비율": -0.6354901749723005,
    "이자부담차입금비율": 0.2032264171095925,
    "총자산수익률(ROA)": -0.4456163886448833,
    "투하자본수익률(ROIC)": 0.20791401724450895,
    "영업이익대차입금비율": -0.09666157800919352,
    "현금흐름대부채비율": -0.27462341505490123,
    "로그총자산": -0.666352579331196,
    "EV": -0.0796203948994983,
    "PCR": 0.01599876876974838,
    "PER": -0.02800253223182475,
    "Δ부채자본비율": -0.004607823337860614,
    "Δ자본비율": 0.14354106587373755,
    "ROIC_변화량": 0.016970050125264036,
    "납입자본금": -0.12343197726086155,
    "Δ총자산회전율": -0.017118553318191346
  },
  "penalty": "l1",
  "solver": "saga"
}