{
  "method": "logistic_regression_cv",
  "optimal_C": 10.0,
  "cv_scores_mean": 0.17430989798099436,
  "cv_scores_std": 0.13106084000907944,
  "threshold_value": 0.21308385758476558,
  "original_features": 34,
  "selected_features": 17,
  "selected_feature_names": [
    "매출액증가율",
    "총부채증가율",
    "자본비율",
    "장기차입금자본비율",
    "총자산수익률(ROA)",
    "자기자본수익률(ROE)",
    "총자산회전율",
    "현금흐름대부채비율",
    "DFL",
    "로그총자산",
    "EV",
    "PBR",
    "PSR",
    "ROA_변화량",
    "Δ자본비율",
    "Δ총자산회전율",
    "납입자본금"
  ],
  "feature_coefficients": {
    "매출액증가율": -0.34269161487583627,
    "영업이익증가율": 0.0006402618956289057,
    "당기순이익증가율": 0.02532247019491439,
    "총자산증가율": 0.009341120548844943,
    "총부채증가율": -0.7751255138253906,
    "영업현금흐름증가율": 0.11037416105285919,
    "부채자본비율": 0.026061388118121833,
    "자본비율": -1.6849978305639877,
    "이자부담차입금비율": 0.12705030782928664,
    "장기차입금자본비율": -0.24723493102096833,
    "총자산수익률(ROA)": 2.120650831674798,
    "자기자본수익률(ROE)": 0.2790631281079075,
    "투하자본수익률(ROIC)": -0.11036760405654143,
    "총자산회전율": -0.6205161674786753,
    "영업이익대차입금비율": 0.0286909416340576,
    "현금흐름대부채비율": -0.30709293534651405,
    "DOL": -0.14207297727218235,
    "DFL": -0.2453132332746602,
    "ΔDFL": 0.1485205602703477,
    "로그총자산": -2.3939482070833904,
    "EV": -0.5238587540156132,
    "PBR": -0.247145306290662,
    "PER": -0.09042079422875977,
    "PSR": 0.34617178390230924,
    "PCR": -0.08203227729579282,
    "주식회전율": 0.18085448189487097,
    "ROA_변화량": -0.8022741969769791,
    "ROE_변화량": -0.14823634330113425,
    "ROIC_변화량": 0.060064806798295574,
    "Δ부채자본비율": 0.013514281757992339,
    "Δ자본비율": -0.27870641553709813,
    "Δ총자산회전율": 0.3252228018660391,
    "Δ현금흐름대부채비율": 0.08607738596971018,
    "납입자본금": 0.7491269957615772
  },
  "penalty": "l1",
  "solver": "saga"
}