{
  "optimal_alpha": 0.0001,
  "threshold_value": 0.028769754219131062,
  "original_features": 18,
  "selected_features": 9,
  "selected_feature_names": [
    "ROA",
    "TLTA",
    "WC_TA",
    "CFO_TD",
    "RE_TA",
    "CLCA",
    "CFO_TA",
    "TLMTA",
    "RET_9M"
  ],
  "feature_coefficients": {
    "ROA": -0.08415726070981941,
    "TLTA": -0.02995587391709243,
    "WC_TA": -0.028769754219131062,
    "CFO_TD": 0.04460266554692259,
    "SIGMA": -0.004873743391392839,
    "RE_TA": -0.050030736475781434,
    "EBIT_TA": -0.02134704423741204,
    "MVE_TL": 0.0006724504123703456,
    "S_TA": -0.022691923675356218,
    "CLCA": 0.038232439045874936,
    "OENEG": 0.02751990963960536,
    "CR": 0.002377102993634884,
    "CFO_TA": -0.03621290826765672,
    "TLMTA": 0.04066783159033278,
    "RET_3M": -0.005059051262423569,
    "RET_9M": 0.0309792548522348,
    "MB": -0.0003689781506230933,
    "K2_Score_Original": 0.0
  }
}