{
  "optimal_alpha": 0.0001,
  "threshold_value": 0.0020880343341618916,
  "original_features": 32,
  "selected_features": 15,
  "selected_feature_names": [
    "총자산수익률",
    "총부채_대_총자산",
    "영업현금흐름_대_총부채",
    "이익잉여금_대_총자산",
    "매출액_대_총자산",
    "유동부채_대_유동자산",
    "영업현금흐름_대_총자산",
    "자산_YoY_성장률",
    "부채비율_변화량",
    "단기부채_의존도",
    "차입_의존도",
    "총이익률_변화량",
    "ROE_변화량",
    "이익수익률",
    "매출액_대비_현금흐름"
  ],
  "feature_coefficients": {
    "총자산수익률": -0.01953071392276151,
    "총부채_대_총자산": 0.004494797276928667,
    "운전자본_대_총자산": -0.001133693046814744,
    "영업현금흐름_대_총부채": 0.013048532714256225,
    "주가변동성": -0.0,
    "이익잉여금_대_총자산": -0.005421379331403528,
    "영업이익_대_총자산": 0.0015545264375610491,
    "시가총액_대_총부채": -0.00014741303396542915,
    "매출액_대_총자산": -0.005197963199558102,
    "유동부채_대_유동자산": 0.003960496112434097,
    "자본잠식여부": 0.0,
    "유동비율": 9.800800028946347e-05,
    "영업현금흐름_대_총자산": -0.002150091970786063,
    "총부채_대_시가조정총자산": 0.0016991338604109875,
    "3개월수익률": 0.0,
    "9개월수익률": 0.0002304085010227309,
    "시장가_대_장부가": -0.0008111620532037433,
    "자산_YoY_성장률": -0.003542573503531438,
    "이익잉여금_YoY_성장률": 0.00012079865459935662,
    "영업이익_YoY_성장률": 0.0006292287336641349,
    "순이익_YoY_성장률": 0.0014034360399458117,
    "부채비율_변화량": 0.002743002317299885,
    "유동비율_변화량": 0.0015321066437081865,
    "단기부채_의존도": 0.0033020520964611934,
    "차입_의존도": -0.00451201706159931,
    "발생액": -0.0002258498282149845,
    "총이익률_변화량": -0.0020880343341618916,
    "ROE_변화량": 0.002696611973343464,
    "총자본회전률_변화량": -0.00172307034995509,
    "운전자본회전률_변화량": 0.0011580028872217817,
    "이익수익률": 0.01432503121288315,
    "매출액_대비_현금흐름": -0.009032038869797497
  }
}