{
  "method": "logistic_regression_cv",
  "optimal_C": 1.0,
  "cv_scores_mean": 0.05533434057505249,
  "cv_scores_std": 0.05526093460318361,
  "threshold_value": 1e-05,
  "original_features": 17,
  "selected_features": 17,
  "selected_feature_names": [
    "매출액증가율",
    "총자산증가율",
    "자본비율",
    "이자부담차입금비율",
    "총자산수익률(ROA)",
    "투하자본수익률(ROIC)",
    "영업이익대차입금비율",
    "현금흐름대부채비율",
    "로그총자산",
    "EV",
    "PCR",
    "PER",
    "Δ부채자본비율",
    "Δ자본비율",
    "ROIC_변화량",
    "납입자본금",
    "Δ총자산회전율"
  ],
  "feature_coefficients": {
    "매출액증가율": -0.23459157329363253,
    "총자산증가율": 0.02451639189588619,
    "자본비율": -0.6319793388129697,
    "이자부담차입금비율": 0.22896099726007,
    "총자산수익률(ROA)": -0.43016705955398904,
    "투하자본수익률(ROIC)": 0.14403682650366587,
    "영업이익대차입금비율": -0.08947016062136065,
    "현금흐름대부채비율": -0.2523512634496828,
    "로그총자산": -0.6423210193399349,
    "EV": -0.03591650205960008,
    "PCR": 0.009020083910009849,
    "PER": 0.007946693691176203,
    "Δ부채자본비율": -0.013318079423189409,
    "Δ자본비율": 0.1435217459710554,
    "ROIC_변화량": 0.027841443682343193,
    "납입자본금": -0.1513332608149269,
    "Δ총자산회전율": -0.005170914169430215
  },
  "penalty": "l1",
  "solver": "saga"
}