{
  "method": "shap",
  "base_estimator": "random_forest",
  "explainer_type": "tree",
  "sample_size": 2000,
  "threshold_value": 0.0025125748136332698,
  "original_features": 118,
  "selected_features": 10,
  "selected_feature_names": [
    "수지비율",
    "경영자본순이익률",
    "영업비용률",
    "매출액순이익률",
    "총자산수익률",
    "경영자본영업이익률",
    "유보액납입자본비율",
    "매출액영업이익률",
    "자기자본배율",
    "주당순자산"
  ],
  "mean_abs_shap_values": {
    "순금융비용이자보상배율": 0.00123832811389116,
    "사내유보율": 4.111826399747664e-05,
    "재고자산증가율": 0.0027243283899617858,
    "총자본회전률": 0.00386500607338999,
    "총자산수익률": 0.015660767935302845,
    "비유동자산구성비율": 0.0014702906165788316,
    "총자본영업이익률": 0.010489819448219624,
    "총자본사업이익률": 0.005872105718997824,
    "유동자산구성비율": 0.0007713061108017609,
    "순운전자본회전률": 0.009453277687578253,
    "총자본투자효율": 0.008453594439660986,
    "경영자본순이익률": 0.024944866597441703,
    "차입금의존도": 0.0013076518830171648,
    "이자보상배율": 0.0057169695644285505,
    "유동비율": 0.0045806763497072064,
    "매출액증가율": 0.0016529602318994957,
    "매출액총이익률": 0.0010588050022010368,
    "매출액영업이익률": 0.014682520790812089,
    "매출액순이익률": 0.019880531598572775,
    "자기자본순이익률": 0.004080727794456103,
    "부채비율": 0.0012440074847454797,
    "총자본증가율": 0.0028100438661434976,
    "유형자산증가율": 0.0025125748136332698,
    "비유동생물자산증가율": 0.0,
    "투자부동산증가율": 0.0005017580714024363,
    "비유동자산증가율": 0.0017565700248654854,
    "유동자산증가율": 0.0012463172244264434,
    "자기자본증가율": 0.0030273625082469446,
    "영업이익증가율": 0.0006240135809834033,
    "순이익증가율": 0.000494970689130938,
    "총포괄이익증가율": 0.0004006482938440746,
    "종업원당부가가치증가율": 0.0009669487617044269,
    "종업원수증가율": 0.0017170404178747142,
    "종업원당매출액증가율": 0.0007257354166618341,
    "종업원당인건비증가율": 0.0016335859234978016,
    "자기자본영업이익률": 0.008222098229289676,
    "경영자본영업이익률": 0.015655621228371126,
    "자본금영업이익률": 0.009622417215625867,
    "자본금순이익률": 0.009649276758219695,
    "매출원가율": 0.0019331671218882867,
    "영업비용률": 0.020101233470339486,
    "기타손익비율": 0.007221255884343831,
    "금융손익비율": 0.006251749262048736,
    "금융비용부담률": 0.003715364277034452,
    "외환이익비율": 0.0013371983921926464,
    "광고선전비비율": 0.0014255216721124062,
    "세금과공과비율": 0.0005618727379210813,
    "기업순이익률": 0.009977385920310484,
    "수지비율": 0.027551704672325695,
    "인건비비율": 0.0036229882473057125,
    "R&D투자효율": 0.0017970353917440302,
    "세금과공과총비용비율": 0.00024449774943180696,
    "금융비용총비용비율": 0.002058829369746084,
    "감가상각비총비용비율": 0.0022050303733826267,
    "감가상각률": 0.002442302617239087,
    "누적감가상각률": 0.0011833304351942416,
    "이자부담률": 0.0035015578996053054,
    "지급이자율": 0.004756743003517977,
    "차입금평균이자율": 0.003475141230394864,
    "유보율": 0.011169652457583688,
    "사내유보자기자본비율": 0.007265087269917558,
    "적립금비율": 0.006582375475375646,
    "평균배당률": 0.0007382692014048235,
    "자기자본배당률": 0.0006464893518143956,
    "배당성향": 0.0005603569656261373,
    "주당매출액": 0.003361364884387068,
    "주당현금흐름": 0.0031762418604756853,
    "주당순자산": 0.012256316751535403,
    "주당영업이익": 0.011084601034169606,
    "재고자산유동자산비율": 0.0024234914963307532,
    "유동비유동자산비율": 0.0010072690368076295,
    "당좌자산구성비율": 0.001408670689535755,
    "자기자본구성비율": 0.004084793135114037,
    "타인자본구성비율": 0.0034127652220737486,
    "자기자본배율": 0.0145420990382156,
    "비유동비율": 0.0012030242767172641,
    "비유동장기적합률": 0.0011767671020384753,
    "당좌비율": 0.003668298515665279,
    "현금비율": 0.01007881746021866,
    "매출채권비율": 0.001211598355234241,
    "재고자산순운전자본비율": 0.0048528764291902145,
    "매출채권매입채무비율": 0.0019303701548510483,
    "매출채권상제품비율": 0.0011662440701587437,
    "매입채무재고자산비율": 0.0008866258290896842,
    "유동부채비율": 0.001272514619555832,
    "단기차입금총차입금비율": 0.0007568840535626432,
    "비유동부채비율": 0.0016476210329842188,
    "비유동부채순운전자본비율": 0.004078127663215597,
    "순운전자본비율": 0.004589591247953469,
    "차입금비율": 0.0012388901327972733,
    "유보액대비율": 0.012255574377632712,
    "유보액납입자본비율": 0.014819988921961864,
    "유동자산집중도": 0.003588324260620088,
    "비유동자산집중도": 0.0026604495052330837,
    "투자집중도": 0.001618439012723117,
    "현금흐름부채비율": 0.004442196486206664,
    "현금흐름차입금비율": 0.0018186635088714388,
    "현금흐름총자본비율": 0.004223442172892201,
    "현금흐름매출액비율": 0.004768827102498428,
    "영업이익이자보상배율": 0.003311455415089211,
    "경영자본회전률": 0.0015037884522580455,
    "자기자본회전률": 0.002501366328226799,
    "자본금회전률": 0.005970769603725201,
    "타인자본회전률": 0.008278809302716496,
    "매입채무회전률": 0.0012918817049578921,
    "매입채무회전기간": 0.0013814864031608245,
    "유동자산회전률": 0.0028567634259787024,
    "당좌자산회전률": 0.005222667376611763,
    "재고자산회전률": 0.0012222129700125838,
    "재고자산회전기간": 0.0009276761280085893,
    "상품제품회전률": 0.001003738548395433,
    "원부재료회전률": 0.0015977710755165696,
    "재공품회전률": 0.0014960692116021603,
    "매출채권회전률": 0.0014509747479216754,
    "매출채권회전기간": 0.0013350119744687202,
    "비유동자산회전률": 0.0028297380686380584,
    "유형자산회전률": 0.0013905743929921194,
    "주당순이익": 0.004029701236581744
  },
  "estimator_params": {
    "n_estimators": 300,
    "max_depth": 8,
    "min_samples_split": 5,
    "min_samples_leaf": 3,
    "class_weight": "balanced"
  }
}