{
  "method": "logistic_regression_cv",
  "optimal_C": 1.0,
  "cv_scores_mean": 0.055328407215751156,
  "cv_scores_std": 0.05515214141112651,
  "threshold_value": 1e-05,
  "original_features": 17,
  "selected_features": 16,
  "selected_feature_names": [
    "매출액증가율",
    "총자산증가율",
    "자본비율",
    "이자부담차입금비율",
    "총자산수익률(ROA)",
    "투하자본수익률(ROIC)",
    "영업이익대차입금비율",
    "현금흐름대부채비율",
    "로그총자산",
    "PCR",
    "PER",
    "Δ부채자본비율",
    "Δ자본비율",
    "ROIC_변화량",
    "납입자본금",
    "Δ총자산회전율"
  ],
  "feature_coefficients": {
    "매출액증가율": -0.222009111291211,
    "총자산증가율": 0.010334780641004977,
    "자본비율": -0.6110635808553674,
    "이자부담차입금비율": 0.28454507455468203,
    "총자산수익률(ROA)": -0.4337646020388321,
    "투하자본수익률(ROIC)": 0.21443660759878083,
    "영업이익대차입금비율": -0.10064826046981655,
    "현금흐름대부채비율": -0.28590840822430813,
    "로그총자산": -0.7935505079881275,
    "EV": 0.0,
    "PCR": 0.01416004876992573,
    "PER": 0.0252149878960763,
    "Δ부채자본비율": -0.0271922854028927,
    "Δ자본비율": 0.15394283725782573,
    "ROIC_변화량": -0.004554839929623943,
    "납입자본금": -0.09158394582601992,
    "Δ총자산회전율": -0.0004887833979626477
  },
  "penalty": "l1",
  "solver": "saga"
}