{
  "model_name": "LogisticRegression",
  "optimization_date": "2025-06-21T15:40:20.446866",
  "best_params": {
    "penalty": "l2",
    "C": 0.0013221630684995742,
    "max_iter": 358
  },
  "cv_best_score": 0.9762403285757649,
  "test_metrics": {
    "auc": 0.9528867379860757,
    "precision": 0.28,
    "recall": 0.5384615384615384,
    "f1": 0.3684210526315789
  },
  "feature_names": [
    "ROA",
    "TLTA",
    "WC_TA",
    "CFO_TD",
    "SIGMA",
    "RE_TA",
    "EBIT_TA",
    "MVE_TL",
    "S_TA",
    "CLCA",
    "OENEG",
    "CR",
    "CFO_TA",
    "TLMTA",
    "RET_3M",
    "RET_9M",
    "MB"
  ],
  "feature_coefficients": {
    "ROA": -0.347365064155189,
    "TLTA": 0.26727006915846613,
    "WC_TA": -0.21430257574042427,
    "CFO_TD": 0.03616669970021953,
    "SIGMA": 0.02440187210671414,
    "RE_TA": -0.3474234668585221,
    "EBIT_TA": -0.1861598263258098,
    "MVE_TL": -0.11560318800588107,
    "S_TA": -0.238893735211597,
    "CLCA": 0.14898960056821858,
    "OENEG": 0.09325160778514804,
    "CR": -0.14589570530707652,
    "CFO_TA": -0.10604762706421088,
    "TLMTA": 0.16357634526669607,
    "RET_3M": -0.0019237555179243873,
    "RET_9M": -0.010532985671847243,
    "MB": -0.0005991201210720403
  }
}