{
  "model_name": "RandomForest",
  "optimization_date": "2025-06-21T16:14:56.959403",
  "best_params": {
    "n_estimators": 456,
    "max_depth": 20,
    "min_samples_split": 4,
    "min_samples_leaf": 2,
    "max_features": "log2",
    "bootstrap": true,
    "oob_score": true
  },
  "cv_best_score": 0.9970744540091218,
  "test_metrics": {
    "auc": 0.9738750212260147,
    "precision": 0.22727272727272727,
    "recall": 0.19230769230769232,
    "f1": 0.20833333333333334
  },
  "feature_names": [
    "ROA",
    "TLTA",
    "WC_TA",
    "CFO_TD",
    "SIGMA",
    "RE_TA",
    "EBIT_TA",
    "MVE_TL",
    "S_TA",
    "CLCA",
    "OENEG",
    "CR",
    "CFO_TA",
    "TLMTA",
    "RET_3M",
    "RET_9M",
    "MB"
  ],
  "feature_importances": {
    "ROA": 0.11765020399938107,
    "TLTA": 0.13444784955071049,
    "WC_TA": 0.10217354408484686,
    "CFO_TD": 0.023028756718070285,
    "SIGMA": 0.020820859802726892,
    "RE_TA": 0.17270591438429955,
    "EBIT_TA": 0.08617774245749893,
    "MVE_TL": 0.025299671452547565,
    "S_TA": 0.027839986110524895,
    "CLCA": 0.05521758053107507,
    "OENEG": 0.023152195038532313,
    "CR": 0.03938939754126511,
    "CFO_TA": 0.018899861972817702,
    "TLMTA": 0.029820614004668386,
    "RET_3M": 0.015894184790159527,
    "RET_9M": 0.013224995442814004,
    "MB": 0.09425664211806137
  },
  "oob_score": 0.992533718689788
}