{
  "model_type": "XGBoost",
  "best_params": {
    "learning_rate": 0.11765055543930024,
    "n_estimators": 289,
    "max_depth": 9,
    "min_child_weight": 1,
    "reg_alpha": 0.36827082966268654,
    "reg_lambda": 0.895166485738617,
    "subsample": 0.9870191367633883,
    "colsample_bytree": 0.6119815026515273,
    "colsample_bylevel": 0.7823989788749127,
    "scale_pos_weight": 9.174027288529082
  },
  "test_metrics": {
    "auc": 0.9496009509254542,
    "precision": 0.25925925925925924,
    "recall": 0.2692307692307692,
    "f1": 0.2641509433962264
  },
  "feature_names": [
    "ROA",
    "TLTA",
    "WC_TA",
    "CFO_TD",
    "SIGMA",
    "RE_TA",
    "EBIT_TA",
    "MVE_TL",
    "S_TA",
    "CLCA",
    "OENEG",
    "CR",
    "CFO_TA",
    "TLMTA",
    "RET_3M",
    "RET_9M",
    "MB"
  ],
  "timestamp": "2025-06-21T16:22:47.798979"
}