{
  "method": "logistic_regression_cv",
  "optimal_C": 0.1,
  "cv_scores_mean": 0.08765041410202701,
  "cv_scores_std": 0.08153377988916269,
  "threshold_value": 1e-06,
  "original_features": 43,
  "selected_features": 19,
  "selected_feature_names": [
    "경영자본순이익률",
    "매출액증가율",
    "총자본증가율",
    "총포괄이익증가율",
    "종업원수증가율",
    "경영자본영업이익률",
    "매출원가율",
    "금융비용부담률",
    "인건비비율",
    "금융비용총비용비율",
    "누적감가상각률",
    "지급이자율",
    "매출채권비율",
    "순운전자본비율",
    "현금흐름총자본비율",
    "매출채권회전률",
    "주당순이익",
    "PBR최저",
    "총자산"
  ],
  "feature_coefficients": {
    "경영자본순이익률": -0.24060306252783836,
    "차입금의존도": 0.0,
    "이자보상배율": 0.0,
    "유동비율": 0.0,
    "매출액증가율": -0.08185063211662769,
    "매출액총이익률": 0.0,
    "총자본증가율": -0.29338830044171255,
    "유형자산증가율": 0.0,
    "유동자산증가율": 0.0,
    "자기자본증가율": 0.0,
    "영업이익증가율": 0.0,
    "순이익증가율": 0.0,
    "총포괄이익증가율": -0.0819256358718316,
    "종업원수증가율": -0.29335123803252117,
    "경영자본영업이익률": -0.16239533043195498,
    "매출원가율": 0.16798018309828916,
    "금융손익비율": 0.0,
    "금융비용부담률": 0.10139761573513276,
    "외환이익비율": 0.0,
    "인건비비율": -0.21977722373871872,
    "세금과공과총비용비율": 0.0,
    "금융비용총비용비율": 0.1112644159914821,
    "누적감가상각률": 0.028748979951365952,
    "이자부담률": 0.0,
    "지급이자율": 0.087598530864439,
    "매출채권비율": 0.016039847339373574,
    "매입채무재고자산비율": 0.0,
    "순운전자본비율": -0.5039890055971316,
    "현금흐름부채비율": 0.0,
    "현금흐름차입금비율": 0.0,
    "현금흐름총자본비율": -0.23335326852005495,
    "현금흐름매출액비율": 0.0,
    "영업이익이자보상배율": 0.0,
    "매입채무회전률": 0.0,
    "재고자산회전률": 0.0,
    "매출채권회전률": 0.060170827385993726,
    "주당순이익": -0.02811749784902855,
    "PER최고": 0.0,
    "PBR최저": 0.07986694674817116,
    "PCR최저": 0.0,
    "총자산": -0.10800712455485353,
    "영업현금흐름": 0.0,
    "EBITDA매출액비율": 0.0
  },
  "penalty": "l1",
  "solver": "saga"
}