{
  "run_info": {
    "run_id": "default_run_20250624_093729",
    "optimization_method": "Optuna",
    "trials_per_model": 100,
    "cross_validation": "5-fold CV"
  },
  "models": {
    "logisticregression_combined": {
      "C": 0.006656922038977414,
      "penalty": "l2",
      "solver": "liblinear",
      "max_iter": 544,
      "l1_ratio": null
    },
    "logisticregression_normal": {
      "C": 0.0015165955366561366,
      "penalty": "l2",
      "solver": "liblinear",
      "max_iter": 979,
      "l1_ratio": null
    },
    "randomforest_combined": {
      "n_estimators": 317,
      "max_depth": 6,
      "min_samples_split": 15,
      "min_samples_leaf": 6,
      "max_features": 0.37845921594017795
    },
    "randomforest_normal": {
      "n_estimators": 330,
      "max_depth": 4,
      "min_samples_split": 9,
      "min_samples_leaf": 7,
      "max_features": 0.15494393937266152
    },
    "xgboost_combined": {
      "n_estimators": 376,
      "max_depth": 8,
      "learning_rate": 0.01955002368311387,
      "subsample": 0.6635198267584272,
      "colsample_bytree": 0.7459986085859873,
      "reg_alpha": 7.991699367235095,
      "reg_lambda": 3.4279859752948245
    },
    "xgboost_normal": {
      "n_estimators": 291,
      "max_depth": 10,
      "learning_rate": 0.12654029294959646,
      "subsample": 0.7406525946266275,
      "colsample_bytree": 0.7949288681640777,
      "reg_alpha": 6.3957759314769875,
      "reg_lambda": 7.944301439494936
    }
  }
}