{
  "method": "logistic_regression_cv",
  "optimal_C": 10.0,
  "cv_scores_mean": 0.16096092499509745,
  "cv_scores_std": 0.1388792022657147,
  "threshold_value": 0.2996609485654828,
  "original_features": 118,
  "selected_features": 58,
  "selected_feature_names": [
    "순금융비용이자보상배율",
    "사내유보율",
    "재고자산증가율",
    "총자산수익률",
    "비유동자산구성비율",
    "총자본영업이익률",
    "총자본사업이익률",
    "순운전자본회전률",
    "경영자본순이익률",
    "차입금의존도",
    "매출액총이익률",
    "매출액영업이익률",
    "매출액순이익률",
    "부채비율",
    "순이익증가율",
    "경영자본영업이익률",
    "자본금영업이익률",
    "매출원가율",
    "영업비용률",
    "광고선전비비율",
    "기업순이익률",
    "인건비비율",
    "R&D투자효율",
    "감가상각비총비용비율",
    "감가상각률",
    "누적감가상각률",
    "평균배당률",
    "배당성향",
    "주당매출액",
    "주당현금흐름",
    "주당순자산",
    "주당영업이익",
    "당좌자산구성비율",
    "타인자본구성비율",
    "자기자본배율",
    "비유동비율",
    "비유동장기적합률",
    "현금비율",
    "매출채권비율",
    "재고자산순운전자본비율",
    "유동부채비율",
    "비유동부채비율",
    "순운전자본비율",
    "차입금비율",
    "유보액대비율",
    "유동자산집중도",
    "투자집중도",
    "현금흐름부채비율",
    "현금흐름차입금비율",
    "현금흐름매출액비율",
    "자기자본회전률",
    "매입채무회전률",
    "유동자산회전률",
    "당좌자산회전률",
    "재고자산회전률",
    "원부재료회전률",
    "매출채권회전률",
    "비유동자산회전률"
  ],
  "feature_coefficients": {
    "순금융비용이자보상배율": 0.4505295329790367,
    "사내유보율": -2.616068337061848,
    "재고자산증가율": -0.3891345101603702,
    "총자본회전률": -0.02763577957754996,
    "총자산수익률": -5.564544958441637,
    "비유동자산구성비율": 1.0384165656656743,
    "총자본영업이익률": -0.4764237376201116,
    "총자본사업이익률": 1.082321370646894,
    "유동자산구성비율": 0.0,
    "순운전자본회전률": -1.219799492344529,
    "총자본투자효율": 0.07845529187833823,
    "경영자본순이익률": 0.8689558289069809,
    "차입금의존도": -0.3077703008838573,
    "이자보상배율": 0.21281765952513793,
    "유동비율": 0.2610531862442252,
    "매출액증가율": -0.12383480818059286,
    "매출액총이익률": 1.7093980515785565,
    "매출액영업이익률": 6.583083679755716,
    "매출액순이익률": -0.6779212676656113,
    "자기자본순이익률": -0.02219528111739798,
    "부채비율": -3.278624315455805,
    "총자본증가율": -0.1947865003621688,
    "유형자산증가율": 0.091703536630472,
    "비유동생물자산증가율": -0.060443720616723,
    "투자부동산증가율": -0.16262497403094445,
    "비유동자산증가율": 0.016862214127469802,
    "유동자산증가율": -0.1951848507378118,
    "자기자본증가율": -0.02490703025264783,
    "영업이익증가율": 0.18385359942158802,
    "순이익증가율": -0.36218698863147575,
    "총포괄이익증가율": 0.09852616287777162,
    "종업원당부가가치증가율": 0.005607357252881197,
    "종업원수증가율": -0.03110627479928675,
    "종업원당매출액증가율": 0.09089718925703624,
    "종업원당인건비증가율": 0.02874184851238425,
    "자기자본영업이익률": -0.10968757577285389,
    "경영자본영업이익률": -1.2199601585265922,
    "자본금영업이익률": -1.2388631103267127,
    "자본금순이익률": 0.1049118807427302,
    "매출원가율": 1.961773630167174,
    "영업비용률": 5.506703926757512,
    "기타손익비율": 0.21862302276419318,
    "금융손익비율": 0.07621635283736902,
    "금융비용부담률": -0.1087901899953516,
    "외환이익비율": -0.10297415664316398,
    "광고선전비비율": -0.35759580472810515,
    "세금과공과비율": -0.014299322046269722,
    "기업순이익률": 4.681988336056222,
    "수지비율": 0.18344069529368925,
    "인건비비율": -0.5099798727344801,
    "R&D투자효율": -0.5007182859743222,
    "세금과공과총비용비율": -0.0926418155252444,
    "금융비용총비용비율": 0.06350101139770511,
    "감가상각비총비용비율": -0.40802032917668346,
    "감가상각률": 0.487799946588004,
    "누적감가상각률": 0.2996609485654828,
    "이자부담률": -0.26962110375493487,
    "지급이자율": -0.16761832230857074,
    "차입금평균이자율": 0.002102132711873176,
    "유보율": 0.0,
    "사내유보자기자본비율": 0.09225304505502788,
    "적립금비율": -0.07666621280096735,
    "평균배당률": 0.9293259371381093,
    "자기자본배당률": -0.27368000579890317,
    "배당성향": -3.001243898753696,
    "주당매출액": -0.45334372438969095,
    "주당현금흐름": -1.6389849773321996,
    "주당순자산": -5.451300686988869,
    "주당영업이익": 0.5527221189672576,
    "재고자산유동자산비율": -0.131223183624884,
    "유동비유동자산비율": -0.04917396776590216,
    "당좌자산구성비율": 0.6641977201860116,
    "자기자본구성비율": 0.2915815542489035,
    "타인자본구성비율": 0.738948101352573,
    "자기자본배율": -1.0787217890883787,
    "비유동비율": -0.5854560042773107,
    "비유동장기적합률": 0.38835136562652695,
    "당좌비율": -0.19898157691368717,
    "현금비율": -2.5311539394721776,
    "매출채권비율": -2.09122283576509,
    "재고자산순운전자본비율": -0.44709687722251545,
    "매출채권매입채무비율": 0.07500376536472736,
    "매출채권상제품비율": -0.09782185193815693,
    "매입채무재고자산비율": 0.13360279227346206,
    "유동부채비율": 2.948144782292209,
    "단기차입금총차입금비율": -0.008650982590698724,
    "비유동부채비율": 0.3089474655705513,
    "비유동부채순운전자본비율": 0.045359810405604724,
    "순운전자본비율": 0.7029070028496311,
    "차입금비율": 0.35450552043415406,
    "유보액대비율": -0.5237003198759174,
    "유보액납입자본비율": 0.0,
    "유동자산집중도": -0.30785192570370556,
    "비유동자산집중도": -0.12178665882737488,
    "투자집중도": 0.781027429548206,
    "현금흐름부채비율": 0.3850894920889654,
    "현금흐름차입금비율": -4.777281064796241,
    "현금흐름총자본비율": -0.14972344791076014,
    "현금흐름매출액비율": -0.32367386666917236,
    "영업이익이자보상배율": 0.15024090063837411,
    "경영자본회전률": 0.1656793882584661,
    "자기자본회전률": -0.4714720882759374,
    "자본금회전률": 0.23582269164094544,
    "타인자본회전률": 0.11143729369594069,
    "매입채무회전률": -4.881149747061986,
    "매입채무회전기간": -0.017735651712987757,
    "유동자산회전률": 1.2792814997570259,
    "당좌자산회전률": -1.1646780129730931,
    "재고자산회전률": -1.0456080957988512,
    "재고자산회전기간": -0.010584289959461611,
    "상품제품회전률": 0.2023700745100792,
    "원부재료회전률": -3.64056650479035,
    "재공품회전률": -0.08722424225574182,
    "매출채권회전률": 0.30561822487898493,
    "매출채권회전기간": 0.028597368400072282,
    "비유동자산회전률": -1.0324562533854023,
    "유형자산회전률": 0.07736527668380606,
    "주당순이익": 0.1075991044333516
  },
  "penalty": "l1",
  "solver": "liblinear"
}