{
  "method": "logistic_regression_cv",
  "optimal_C": 0.1,
  "cv_scores_mean": 0.07455531189083821,
  "cv_scores_std": 0.09656446793988022,
  "threshold_value": 1e-05,
  "original_features": 17,
  "selected_features": 10,
  "selected_feature_names": [
    "매출액증가율",
    "총자산증가율",
    "자본비율",
    "이자부담차입금비율",
    "총자산수익률(ROA)",
    "현금흐름대부채비율",
    "로그총자산",
    "Δ부채자본비율",
    "Δ자본비율",
    "ROIC_변화량"
  ],
  "feature_coefficients": {
    "매출액증가율": -0.2876066795069553,
    "총자산증가율": -0.16779437615941006,
    "자본비율": -0.5195920629673245,
    "이자부담차입금비율": 0.17168786601411884,
    "총자산수익률(ROA)": -0.5254015118531318,
    "투하자본수익률(ROIC)": 0.0,
    "영업이익대차입금비율": 0.0,
    "현금흐름대부채비율": -0.1155051157585397,
    "로그총자산": -0.4761001685459825,
    "EV": 0.0,
    "PCR": 0.0,
    "PER": 0.0,
    "Δ부채자본비율": -0.1147343218515866,
    "Δ자본비율": 0.07197305771943172,
    "ROIC_변화량": 0.026068032863188522,
    "납입자본금": 0.0,
    "Δ총자산회전율": 0.0
  },
  "penalty": "l1",
  "solver": "saga"
}