{
  "method": "logistic_regression_cv",
  "optimal_C": 0.1,
  "cv_scores_mean": 0.20732285189016225,
  "cv_scores_std": 0.11243149437542682,
  "threshold_value": 0.06401839428139444,
  "original_features": 119,
  "selected_features": 21,
  "selected_feature_names": [
    "총자산수익률",
    "순운전자본회전률",
    "이자보상배율",
    "순이익증가율",
    "경영자본영업이익률",
    "자본금영업이익률",
    "광고선전비비율",
    "인건비비율",
    "R&D투자효율",
    "누적감가상각률",
    "적립금비율",
    "재고자산유동자산비율",
    "타인자본구성비율",
    "비유동장기적합률",
    "순운전자본비율",
    "유보액대비율",
    "현금흐름총자본비율",
    "현금흐름매출액비율",
    "자기자본회전률",
    "매출채권회전률",
    "비유동자산회전률"
  ],
  "feature_coefficients": {
    "순금융비용이자보상배율": 0.0,
    "사내유보율": 0.0,
    "재고자산증가율": 0.0,
    "총자본회전률": -0.05189813683090357,
    "총자산수익률": -0.14553101465175539,
    "비유동자산구성비율": 0.0,
    "기업순이익률": 0.0,
    "총자본영업이익률": 0.0,
    "총자본사업이익률": 0.0,
    "유동자산구성비율": 0.0,
    "순운전자본회전률": -0.3889047416336093,
    "총자본투자효율": 0.0,
    "경영자본순이익률": 0.0,
    "차입금의존도": 0.0,
    "이자보상배율": 0.08343286708408668,
    "유동비율": 0.0,
    "매출액증가율": -0.0046640588339041614,
    "매출액총이익률": 0.0,
    "매출액영업이익률": 0.02048755585402748,
    "매출액순이익률": 0.0,
    "자기자본순이익률": -0.029751642468434657,
    "부채비율": 0.0,
    "총자본증가율": 0.0,
    "유형자산증가율": 0.03619526396373734,
    "비유동생물자산증가율": 0.0,
    "투자부동산증가율": 0.0,
    "비유동자산증가율": 0.0,
    "유동자산증가율": -0.009883144446793958,
    "자기자본증가율": -0.06182297539189081,
    "영업이익증가율": 0.0,
    "순이익증가율": -0.11784568894936816,
    "총포괄이익증가율": 0.0,
    "종업원당부가가치증가율": 0.0,
    "종업원수증가율": 0.0,
    "종업원당매출액증가율": 0.005775303915366385,
    "종업원당인건비증가율": 0.005844050497666174,
    "자기자본영업이익률": -0.05371505193624743,
    "경영자본영업이익률": -0.18819209788881958,
    "자본금영업이익률": -0.0679270712219949,
    "자본금순이익률": 0.0,
    "매출원가율": 0.06384191015940191,
    "영업비용률": 0.0,
    "기타손익비율": -0.014383721801409698,
    "금융손익비율": 0.0,
    "금융비용부담률": 0.0,
    "외환이익비율": -0.013880445042283225,
    "광고선전비비율": -0.12648582216762297,
    "세금과공과비율": 0.0,
    "기업순이익률.1": 0.0,
    "수지비율": 0.0,
    "인건비비율": -0.11460490161894493,
    "R&D투자효율": -0.21642287668697294,
    "세금과공과총비용비율": 0.0,
    "금융비용총비용비율": 0.06166158442902528,
    "감가상각비총비용비율": 0.0,
    "감가상각률": 0.010719393606007125,
    "누적감가상각률": 0.08480087233352236,
    "이자부담률": 0.0,
    "지급이자율": 0.0,
    "차입금평균이자율": 0.0,
    "유보율": 0.0,
    "사내유보자기자본비율": 0.0,
    "적립금비율": -0.06401839428139444,
    "평균배당률": 0.0,
    "자기자본배당률": 0.0,
    "배당성향": 0.0,
    "주당매출액": 0.0,
    "주당현금흐름": 0.0,
    "주당순자산": 0.0,
    "주당영업이익": 0.0,
    "재고자산유동자산비율": -0.2140078678350187,
    "유동비유동자산비율": 0.0,
    "당좌자산구성비율": 0.0,
    "자기자본구성비율": 0.0,
    "타인자본구성비율": 0.12286268554340159,
    "자기자본배율": 0.0,
    "비유동비율": -0.01893025754251018,
    "비유동장기적합률": 0.13637452585099563,
    "당좌비율": 0.0,
    "현금비율": 0.0,
    "매출채권비율": 0.0,
    "재고자산순운전자본비율": 0.0,
    "매출채권매입채무비율": 0.0,
    "매출채권상제품비율": 0.0,
    "매입채무재고자산비율": 0.0,
    "유동부채비율": 0.0,
    "단기차입금총차입금비율": 0.0,
    "비유동부채비율": -0.05956252188541873,
    "비유동부채순운전자본비율": 0.0,
    "순운전자본비율": -0.07432651248591629,
    "차입금비율": 0.0,
    "유보액대비율": -0.41635470691500076,
    "유보액납입자본비율": 0.0,
    "유동자산집중도": 0.0,
    "비유동자산집중도": 0.0,
    "투자집중도": 0.0,
    "현금흐름부채비율": 0.0,
    "현금흐름차입금비율": 0.0,
    "현금흐름총자본비율": -0.12957428728545653,
    "현금흐름매출액비율": -0.1015961599909191,
    "영업이익이자보상배율": 0.0,
    "경영자본회전률": 0.0,
    "자기자본회전률": -0.12881231391568063,
    "자본금회전률": 0.0,
    "타인자본회전률": 0.0,
    "매입채무회전률": 0.0,
    "매입채무회전기간": 0.05447002860766926,
    "유동자산회전률": 0.0,
    "당좌자산회전률": 0.0,
    "재고자산회전률": 0.0,
    "재고자산회전기간": 0.0,
    "상품제품회전률": 0.0464824612954285,
    "원부재료회전률": 0.0,
    "재공품회전률": 0.0,
    "매출채권회전률": 0.15710792576298876,
    "매출채권회전기간": 0.03600383361562348,
    "비유동자산회전률": -0.121722788996976,
    "유형자산회전률": 0.0,
    "주당순이익": 0.0
  },
  "penalty": "l1",
  "solver": "liblinear"
}