{
  "method": "shap",
  "base_estimator": "random_forest",
  "explainer_type": "tree",
  "sample_size": 17984,
  "threshold_value": 0.0033852006836953595,
  "original_features": 87,
  "selected_features": 10,
  "selected_feature_names": [
    "주당순자산",
    "경영자본순이익률",
    "수지비율",
    "유보액대비율",
    "타인자본회전률",
    "유보율",
    "경영자본영업이익률",
    "사내유보자기자본비율",
    "자본금회전률",
    "주당영업이익"
  ],
  "mean_abs_shap_values": {
    "사내유보율": 0.0,
    "재고자산증가율": 0.0052831898505259585,
    "유동자산구성비율": 0.0011775048230336376,
    "총자본투자효율": 0.012260231834145065,
    "경영자본순이익률": 0.03321028434265345,
    "차입금의존도": 0.0020272691809200285,
    "이자보상배율": 0.010446093797947953,
    "유동비율": 0.009532168942712565,
    "매출액증가율": 0.00415773853210899,
    "매출액총이익률": 0.0017835711880203563,
    "자기자본순이익률": 0.00791958364625778,
    "총자본증가율": 0.013414660854647655,
    "유형자산증가율": 0.004631917327661728,
    "비유동생물자산증가율": 0.0,
    "투자부동산증가율": 0.0009198644432465938,
    "비유동자산증가율": 0.006422205410527811,
    "유동자산증가율": 0.0026756246105709472,
    "자기자본증가율": 0.003758214562633073,
    "영업이익증가율": 0.0014309600043831282,
    "순이익증가율": 0.000764125850620535,
    "총포괄이익증가율": 0.0005283674024129175,
    "종업원당부가가치증가율": 0.002864049308996657,
    "종업원수증가율": 0.004860287136716389,
    "종업원당인건비증가율": 0.0013125426925620944,
    "자기자본영업이익률": 0.013369433862198916,
    "경영자본영업이익률": 0.02049797670187074,
    "매출원가율": 0.004451226565245023,
    "금융손익비율": 0.007024084259120808,
    "금융비용부담률": 0.01186835681124464,
    "외환이익비율": 0.0014645053358645103,
    "세금과공과비율": 0.0030588051952367638,
    "수지비율": 0.02681315127480432,
    "인건비비율": 0.006131153429043262,
    "R&D투자효율": 0.004120193105754784,
    "세금과공과총비용비율": 0.0004438880533096968,
    "금융비용총비용비율": 0.006026031440857976,
    "감가상각비총비용비율": 0.002242192588838088,
    "감가상각률": 0.0020934385163884866,
    "누적감가상각률": 0.0015549195466419276,
    "이자부담률": 0.0046754942366775245,
    "지급이자율": 0.0068896124497412285,
    "차입금평균이자율": 0.002834839356538016,
    "유보율": 0.021525089462432995,
    "사내유보자기자본비율": 0.01775900764694779,
    "평균배당률": 0.0012325792287779206,
    "자기자본배당률": 0.000655344177731545,
    "배당성향": 0.0019266356963360655,
    "주당매출액": 0.012400311986386867,
    "주당순자산": 0.035485844496402415,
    "주당영업이익": 0.014326586723929821,
    "재고자산유동자산비율": 0.0032157834515650153,
    "유동비유동자산비율": 0.001569764229417577,
    "비유동장기적합률": 0.0021007912006987465,
    "매출채권비율": 0.0014634786525755416,
    "매출채권상제품비율": 0.0011575469889536778,
    "매입채무재고자산비율": 0.0008118901892695211,
    "유동부채비율": 0.001587147206672704,
    "단기차입금총차입금비율": 0.0012626772571241555,
    "비유동부채비율": 0.0018338854649508542,
    "비유동부채순운전자본비율": 0.0036744071997690687,
    "순운전자본비율": 0.009199730532794534,
    "유보액대비율": 0.025499951095099452,
    "현금흐름부채비율": 0.005834037408595233,
    "현금흐름차입금비율": 0.0033852006836953595,
    "현금흐름총자본비율": 0.005095165305764793,
    "현금흐름매출액비율": 0.006751318118695208,
    "영업이익이자보상배율": 0.010857058340656766,
    "경영자본회전률": 0.004711320664856101,
    "자기자본회전률": 0.0031237564780659606,
    "자본금회전률": 0.01633430650910472,
    "타인자본회전률": 0.02516259784092282,
    "매입채무회전률": 0.0016790204042268252,
    "매입채무회전기간": 0.0016552230248639446,
    "당좌자산회전률": 0.006373356537748714,
    "재고자산회전률": 0.0016683190756499496,
    "재고자산회전기간": 0.0011832095476249835,
    "상품제품회전률": 0.0014536485169357463,
    "원부재료회전률": 0.0019218756560064605,
    "재공품회전률": 0.00144267062675584,
    "매출채권회전률": 0.001796952303926592,
    "매출채권회전기간": 0.002404370631975031,
    "비유동자산회전률": 0.0045383239648254725,
    "유형자산회전률": 0.0021300080150542682,
    "주당순이익": 0.004565939791239333,
    "PER최고": 0.0038992276276455214,
    "PBR최저": 0.002154343394570121,
    "PCR최저": 0.002916579632168896
  },
  "estimator_params": {
    "n_estimators": 300,
    "max_depth": 8,
    "min_samples_split": 5,
    "min_samples_leaf": 3,
    "class_weight": "balanced"
  }
}