{
  "method": "logistic_regression_cv",
  "optimal_C": 10.0,
  "cv_scores_mean": 0.16096092499509745,
  "cv_scores_std": 0.1388792022657147,
  "threshold_value": 0.302685785911197,
  "original_features": 119,
  "selected_features": 58,
  "selected_feature_names": [
    "순금융비용이자보상배율",
    "사내유보율",
    "재고자산증가율",
    "총자산수익률",
    "비유동자산구성비율",
    "기업순이익률",
    "총자본영업이익률",
    "총자본사업이익률",
    "순운전자본회전률",
    "경영자본순이익률",
    "차입금의존도",
    "매출액총이익률",
    "매출액영업이익률",
    "매출액순이익률",
    "부채비율",
    "순이익증가율",
    "경영자본영업이익률",
    "자본금영업이익률",
    "매출원가율",
    "영업비용률",
    "광고선전비비율",
    "기업순이익률.1",
    "인건비비율",
    "R&D투자효율",
    "감가상각비총비용비율",
    "감가상각률",
    "평균배당률",
    "배당성향",
    "주당매출액",
    "주당현금흐름",
    "주당순자산",
    "주당영업이익",
    "당좌자산구성비율",
    "타인자본구성비율",
    "자기자본배율",
    "비유동비율",
    "비유동장기적합률",
    "현금비율",
    "매출채권비율",
    "재고자산순운전자본비율",
    "유동부채비율",
    "비유동부채비율",
    "순운전자본비율",
    "차입금비율",
    "유보액대비율",
    "유동자산집중도",
    "투자집중도",
    "현금흐름부채비율",
    "현금흐름차입금비율",
    "현금흐름매출액비율",
    "자기자본회전률",
    "매입채무회전률",
    "유동자산회전률",
    "당좌자산회전률",
    "재고자산회전률",
    "원부재료회전률",
    "매출채권회전률",
    "비유동자산회전률"
  ],
  "feature_coefficients": {
    "순금융비용이자보상배율": 0.45057158527764196,
    "사내유보율": -2.616162805329406,
    "재고자산증가율": -0.38922681583960317,
    "총자본회전률": -0.02757266456374468,
    "총자산수익률": -5.5712252763373575,
    "비유동자산구성비율": 1.0380524884878832,
    "기업순이익률": 2.3772198622055534,
    "총자본영업이익률": -0.4701825987801086,
    "총자본사업이익률": 1.0767992560649684,
    "유동자산구성비율": 0.0,
    "순운전자본회전률": -1.2197225453199951,
    "총자본투자효율": 0.0783323876867451,
    "경영자본순이익률": 0.8692845823155975,
    "차입금의존도": -0.307803550431941,
    "이자보상배율": 0.21280268431004748,
    "유동비율": 0.2600146922966859,
    "매출액증가율": -0.12388384273048998,
    "매출액총이익률": 1.710045593711107,
    "매출액영업이익률": 6.572818782704393,
    "매출액순이익률": -0.6781553724269209,
    "자기자본순이익률": -0.022158029853575012,
    "부채비율": -3.277754399193562,
    "총자본증가율": -0.19482870872550825,
    "유형자산증가율": 0.09170465310126248,
    "비유동생물자산증가율": -0.06047879771290899,
    "투자부동산증가율": -0.1626447961315129,
    "비유동자산증가율": 0.016863407942200714,
    "유동자산증가율": -0.1951933687002833,
    "자기자본증가율": -0.024931538940547594,
    "영업이익증가율": 0.1838838916285374,
    "순이익증가율": -0.3621743465259951,
    "총포괄이익증가율": 0.09849794643082417,
    "종업원당부가가치증가율": 0.005617379740373042,
    "종업원수증가율": -0.031138145822871752,
    "종업원당매출액증가율": 0.09090398807386739,
    "종업원당인건비증가율": 0.02872750489398053,
    "자기자본영업이익률": -0.10972299032856735,
    "경영자본영업이익률": -1.220602150356058,
    "자본금영업이익률": -1.2388921821405636,
    "자본금순이익률": 0.10466985951533439,
    "매출원가율": 1.962417220891423,
    "영업비용률": 5.496425917549885,
    "기타손익비율": 0.21866937135469408,
    "금융손익비율": 0.07620581251718367,
    "금융비용부담률": -0.10897267321334306,
    "외환이익비율": -0.10294429280580897,
    "광고선전비비율": -0.35771689155080383,
    "세금과공과비율": -0.014292898918375823,
    "기업순이익률.1": 2.3109693129984588,
    "수지비율": 0.18331663699051512,
    "인건비비율": -0.5100007698494312,
    "R&D투자효율": -0.5009633178239172,
    "세금과공과총비용비율": -0.09268024909714367,
    "금융비용총비용비율": 0.06318097724592601,
    "감가상각비총비용비율": -0.40814110165494766,
    "감가상각률": 0.48791846747828876,
    "누적감가상각률": 0.29968400915285826,
    "이자부담률": -0.26994143871282256,
    "지급이자율": -0.16763266878599525,
    "차입금평균이자율": 0.0020599910502300677,
    "유보율": 0.0,
    "사내유보자기자본비율": 0.09228887368215792,
    "적립금비율": -0.07671451698328763,
    "평균배당률": 0.9289052463699599,
    "자기자본배당률": -0.273365149054044,
    "배당성향": -3.0011410031474597,
    "주당매출액": -0.452199622343605,
    "주당현금흐름": -1.6392165589954888,
    "주당순자산": -5.452510387570712,
    "주당영업이익": 0.552979543104591,
    "재고자산유동자산비율": -0.13125245599246158,
    "유동비유동자산비율": -0.049179092642965626,
    "당좌자산구성비율": 0.664065716968031,
    "자기자본구성비율": 0.291658353118863,
    "타인자본구성비율": 0.7387975302638099,
    "자기자본배율": -1.0785616873408947,
    "비유동비율": -0.5855551113816213,
    "비유동장기적합률": 0.38837787312212857,
    "당좌비율": -0.19855720897824689,
    "현금비율": -2.5301924791629102,
    "매출채권비율": -2.091668398619455,
    "재고자산순운전자본비율": -0.44697692138459005,
    "매출채권매입채무비율": 0.07502132848125354,
    "매출채권상제품비율": -0.09783558899011652,
    "매입채무재고자산비율": 0.13355257159682332,
    "유동부채비율": 2.94751578382959,
    "단기차입금총차입금비율": -0.008625594431586657,
    "비유동부채비율": 0.30881996490158903,
    "비유동부채순운전자본비율": 0.04544744721553534,
    "순운전자본비율": 0.7027904874609031,
    "차입금비율": 0.3544512669935875,
    "유보액대비율": -0.5236031793203869,
    "유보액납입자본비율": 0.0,
    "유동자산집중도": -0.3076954319537251,
    "비유동자산집중도": -0.12140303049565536,
    "투자집중도": 0.7811869075745449,
    "현금흐름부채비율": 0.385174351128837,
    "현금흐름차입금비율": -4.777522095401134,
    "현금흐름총자본비율": -0.14984219183159075,
    "현금흐름매출액비율": -0.3235052996877618,
    "영업이익이자보상배율": 0.15015423332647704,
    "경영자본회전률": 0.1656047584250795,
    "자기자본회전률": -0.47155595965531316,
    "자본금회전률": 0.2355887717987613,
    "타인자본회전률": 0.11140333867072336,
    "매입채무회전률": -4.883266762858735,
    "매입채무회전기간": -0.01775948337618112,
    "유동자산회전률": 1.2793612340065126,
    "당좌자산회전률": -1.1648707478135083,
    "재고자산회전률": -1.0457566384665808,
    "재고자산회전기간": -0.010621599590210981,
    "상품제품회전률": 0.20237948978918655,
    "원부재료회전률": -3.6400940965189688,
    "재공품회전률": -0.08728661966703948,
    "매출채권회전률": 0.3056875626695358,
    "매출채권회전기간": 0.028533260621763593,
    "비유동자산회전률": -1.0326069102951128,
    "유형자산회전률": 0.0773445513061724,
    "주당순이익": 0.10776620516665064
  },
  "penalty": "l1",
  "solver": "liblinear"
}